Feature_1,Feature_2,Correlation,Abs_Correlation
url_len,num_letters,0.993095101673362,0.993095101673362
num_subdirs,path_depth,0.967535637815527,0.967535637815527
puny,punycode_suspicious,0.9657000753156096,0.9657000753156096
num_slashes,path_depth,0.9607772077654272,0.9607772077654272
num_amp,num_params,0.9560811532358132,0.9560811532358132
num_equal,num_params,0.9472009903626759,0.9472009903626759
num_subdirs,num_slashes,0.9354539468570129,0.9354539468570129
url_len,num_digits,0.9052268762312071,0.9052268762312071
brand_mismatch,brand_in_domain,0.8972617739453288,0.8972617739453288
num_equal,num_amp,0.8963587113845519,0.8963587113845519
ratio_digits,ratio_letters,-0.8868326551709199,0.8868326551709199
num_non_ascii,homoglyph_suspicious,0.8621934018846338,0.8621934018846338
domain_digit_ratio,max_domain_digits,0.8597565000660565,0.8597565000660565
num_digits,num_letters,0.8578858611595696,0.8578858611595696
has_multi_subdomain,subdomain_spam_score,0.8418146299607039,0.8418146299607039
ratio_digits,max_digits,0.815362699756415,0.815362699756415
path_len,path_depth,0.7639612158440188,0.7639612158440188
leet_speak_score,domain_digit_ratio,0.7580821817558887,0.7580821817558887
leet_in_domain,max_domain_digits,0.7512796947401938,0.7512796947401938
leet_in_domain,domain_digit_ratio,0.7400559420875028,0.7400559420875028
path_len,num_subdirs,0.7336238809583866,0.7336238809583866
path_len,num_slashes,0.7288773113908918,0.7288773113908918
sus_words,http_no_brand_no_age,0.706247444770802,0.706247444770802
num_repeating,max_vowels,0.7042301249607698,0.7042301249607698
ratio_letters,max_digits,-0.6986738147045533,0.6986738147045533
leet_speak_score,abnormal_subdomain,0.6409662897114137,0.6409662897114137
leet_speak_score,max_domain_digits,0.6192198519071906,0.6192198519071906
num_amp,num_special,0.6081024318673796,0.6081024318673796
risky_tld,http_no_brand_no_age,0.5939923868988947,0.5939923868988947
num_special,num_params,0.5937106736010705,0.5937106736010705
path_len,url_entropy,0.5892803019480921,0.5892803019480921
num_percent,encoding_ratio,0.5812561687467486,0.5812561687467486
subdomain_parts,subdomain_spam_score,0.5765987070588158,0.5765987070588158
num_dots,path_dots,0.5725454071421913,0.5725454071421913
num_equal,num_special,0.5640772597159373,0.5640772597159373
url_entropy,max_digits,0.5566229157566001,0.5566229157566001
brand_in_domain,brand_hyphen_suspicious,0.5535053965255575,0.5535053965255575
ratio_digits,url_entropy,0.5486545675018295,0.5486545675018295
subdomain_parts,has_multi_subdomain,0.5469180743738187,0.5469180743738187
path_len,num_hyphens,0.537417865512562,0.537417865512562
num_slashes,url_entropy,0.5284970142003137,0.5284970142003137
leet_speak_score,leet_in_domain,0.5152591683040595,0.5152591683040595
url_entropy,path_depth,0.5096657180546404,0.5096657180546404
brand_mismatch,brand_hyphen_suspicious,0.5067437550390653,0.5067437550390653
num_qmark,num_params,0.5013667199453493,0.5013667199453493
num_qmark,num_equal,0.49148142287552254,0.49148142287552254
num_dots,num_params,0.49070961747717445,0.49070961747717445
num_dots,num_amp,0.4903222463080618,0.4903222463080618
num_dots,subdomain_parts,0.4661182438132194,0.4661182438132194
ratio_digits,leet_speak_score,0.4615591622709242,0.4615591622709242
num_subdirs,url_entropy,0.45957542479591007,0.45957542479591007
num_digits,ratio_digits,0.45413221567477946,0.45413221567477946
num_equal,url_entropy,0.4508579386296087,0.4508579386296087
num_params,url_entropy,0.444111806481268,0.444111806481268
num_dots,num_equal,0.4315094945851263,0.4315094945851263
ratio_letters,leet_speak_score,-0.42577042093636014,0.42577042093636014
num_digits,max_digits,0.4141583867489612,0.4141583867489612
num_dots,url_entropy,0.40832004555796586,0.40832004555796586
url_len,num_special,0.40575324362335313,0.40575324362335313
num_digits,num_special,0.40485871376325605,0.40485871376325605
https_flag,max_consonants,0.39178355506912926,0.39178355506912926
num_digits,url_entropy,0.3844603468994283,0.3844603468994283
num_dots,num_special,0.3818611397519036,0.3818611397519036
num_digits,num_params,0.3816913372534368,0.3816913372534368
num_equal,num_digits,0.3815176899268601,0.3815176899268601
num_amp,num_digits,0.3687576578714168,0.3687576578714168
num_letters,num_special,0.36649859451253747,0.36649859451253747
path_len,max_digits,0.36229940272869793,0.36229940272869793
sus_words,brand_hyphen_suspicious,0.3611833340154136,0.3611833340154136
sus_words,brand_mismatch,0.35843299121840566,0.35843299121840566
https_flag,path_depth,-0.3581766596646776,0.3581766596646776
path_dots,path_depth,0.35727888294464005,0.35727888294464005
sus_words,brand_in_domain,0.3541222453105702,0.3541222453105702
num_hyphens,url_entropy,0.3535215455430049,0.3535215455430049
num_qmark,num_amp,0.3514963279056192,0.3514963279056192
num_slashes,https_flag,-0.3488586567379322,0.3488586567379322
num_digits,ratio_letters,-0.3469131054391651,0.3469131054391651
num_percent,num_digits,0.34645088773370397,0.34645088773370397
num_amp,url_entropy,0.34609468749492395,0.34609468749492395
path_dots,num_slashes,0.34370171609405836,0.34370171609405836
path_len,path_dots,0.34066802079665276,0.34066802079665276
ratio_letters,domain_digit_ratio,-0.33861938448862766,0.33861938448862766
ratio_digits,domain_digit_ratio,0.3385922437179321,0.3385922437179321
num_qmark,url_entropy,0.33500848366584685,0.33500848366584685
num_dots,num_digits,0.3336971923649198,0.3336971923649198
url_len,url_entropy,0.3332552979115554,0.3332552979115554
num_dots,subdomain_spam_score,0.3308972499271282,0.3308972499271282
url_len,num_equal,0.3289968853551442,0.3289968853551442
url_len,num_params,0.3217530346634922,0.3217530346634922
brand_in_domain,http_no_brand_no_age,0.3216663541602649,0.3216663541602649
ratio_digits,abnormal_subdomain,0.3200993487497223,0.3200993487497223
path_dots,num_subdirs,0.3167804536648041,0.3167804536648041
brand_mismatch,http_no_brand_no_age,0.31280600096856265,0.31280600096856265
risky_tld,brand_in_domain,0.310967295499052,0.310967295499052
num_slashes,max_digits,0.30380418439926066,0.30380418439926066
url_entropy,subdomain_parts,0.30076308571531973,0.30076308571531973
url_len,num_amp,0.2995533103397144,0.2995533103397144
max_digits,path_depth,0.29705772430638355,0.29705772430638355
url_len,path_len,0.29467575753031783,0.29467575753031783
risky_tld,brand_mismatch,0.29403704977551837,0.29403704977551837
ratio_letters,url_entropy,-0.2940164355502041,0.2940164355502041
brand_hyphen_suspicious,http_no_brand_no_age,0.2932615413005782,0.2932615413005782
num_dots,num_slashes,0.2918605627566527,0.2918605627566527
max_digits,leet_speak_score,0.2913245011268075,0.2913245011268075
num_dots,has_multi_subdomain,0.28498039885247733,0.28498039885247733
ratio_digits,max_domain_digits,0.2833619849124279,0.2833619849124279
num_subdirs,max_digits,0.28084632971891077,0.28084632971891077
num_qmark,num_repeating,0.27970874561801434,0.27970874561801434
num_subdirs,https_flag,-0.27968940375123236,0.27968940375123236
num_letters,url_entropy,0.27948401582538823,0.27948401582538823
url_len,num_slashes,0.27787478547445266,0.27787478547445266
path_dots,url_entropy,0.27685205362032933,0.27685205362032933
subdomain_parts,label,0.2757792788326021,0.2757792788326021
url_len,num_dots,0.2749061184272108,0.2749061184272108
ratio_letters,max_domain_digits,-0.2743437282722347,0.2743437282722347
ratio_letters,abnormal_subdomain,-0.2734573299901754,0.2734573299901754
risky_tld,brand_hyphen_suspicious,0.27177543647301805,0.27177543647301805
https_flag,label,0.27165584266524523,0.27165584266524523
path_len,num_underscores,0.26947590018217515,0.26947590018217515
path_dots,https_flag,-0.2694636673220625,0.2694636673220625
max_consonants,label,0.26941143632300435,0.26941143632300435
num_hyphens,max_digits,0.26791803361669925,0.26791803361669925
risky_tld,sus_words,0.26742069039306465,0.26742069039306465
num_equal,num_letters,0.26699648184518426,0.26699648184518426
num_params,max_digits,0.26513956901844704,0.26513956901844704
path_len,num_letters,0.26383333997619873,0.26383333997619873
num_dots,num_qmark,0.2626762695989529,0.2626762695989529
https_flag,domain_len,-0.2626032662565316,0.2626032662565316
num_equal,max_digits,0.26171303144340824,0.26171303144340824
num_letters,num_params,0.2580256465863183,0.2580256465863183
num_hyphens,path_depth,0.25780135411669064,0.25780135411669064
path_len,ratio_digits,0.25769869364508663,0.25769869364508663
num_special,url_entropy,0.2571043139735115,0.2571043139735115
num_equal,max_consonants,0.25673417555903816,0.25673417555903816
ratio_letters,domain_len,0.2567157721791986,0.2567157721791986
num_hyphens,num_slashes,0.2537770584781804,0.2537770584781804
num_letters,num_slashes,0.24874060849991853,0.24874060849991853
num_dots,num_percent,0.24666688954554636,0.24666688954554636
num_dots,path_depth,0.2456029605057875,0.2456029605057875
http_no_brand_no_age,label,0.2424874000271497,0.2424874000271497
path_len,num_digits,0.24116013959753038,0.24116013959753038
num_dots,label,0.24078781648857434,0.24078781648857434
num_dots,max_digits,0.24012923396466512,0.24012923396466512
num_hyphens,num_subdirs,0.23979098726504552,0.23979098726504552
num_qmark,num_special,0.23574988262811336,0.23574988262811336
num_amp,num_letters,0.23572578259714086,0.23572578259714086
url_len,path_depth,0.23501802540963365,0.23501802540963365
num_equal,num_slashes,0.23442767813178225,0.23442767813178225
path_len,https_flag,-0.23352431635439685,0.23352431635439685
url_len,num_percent,0.23331706715920214,0.23331706715920214
num_params,max_consonants,0.2332431261881234,0.2332431261881234
num_underscores,num_equal,0.23281451883354687,0.23281451883354687
num_dots,num_subdirs,0.23146644721254322,0.23146644721254322
url_len,num_subdirs,0.22922921949852923,0.22922921949852923
num_amp,max_digits,0.22849782274757166,0.22849782274757166
ratio_letters,leet_in_domain,-0.22774300559510827,0.22774300559510827
url_entropy,max_consonants,0.22639877418287793,0.22639877418287793
url_len,max_consonants,0.22611971461328734,0.22611971461328734
num_equal,num_percent,0.22610832274252327,0.22610832274252327
num_slashes,num_params,0.22444869306291684,0.22444869306291684
max_digits,abnormal_subdomain,0.22342042467751783,0.22342042467751783
path_len,num_dots,0.22291622673992895,0.22291622673992895
num_digits,max_consonants,0.22063861189281347,0.22063861189281347
num_underscores,url_entropy,0.22053503449222994,0.22053503449222994
num_dots,num_letters,0.2183352974534182,0.2183352974534182
num_digits,num_slashes,0.21719939187601184,0.21719939187601184
num_letters,max_consonants,0.21440840098405392,0.21440840098405392
ratio_digits,leet_in_domain,0.21323020370229248,0.21323020370229248
num_underscores,num_params,0.2130225196530281,0.2130225196530281
num_dots,ratio_digits,0.21271078525193396,0.21271078525193396
num_params,ratio_digits,0.21245892333195668,0.21245892333195668
num_slashes,ratio_digits,0.21203024819978208,0.21203024819978208
max_digits,max_domain_digits,0.2120264933465206,0.2120264933465206
subdomain_parts,max_consonants,0.21187444343510775,0.21187444343510775
sus_words,label,0.2114063210870441,0.2114063210870441
num_amp,num_percent,0.21094677608719267,0.21094677608719267
num_percent,num_params,0.21031450360781526,0.21031450360781526
num_letters,path_depth,0.20884661945163638,0.20884661945163638
subdomain_parts,leet_speak_score,0.20694879018531115,0.20694879018531115
num_equal,ratio_digits,0.20660095785459207,0.20660095785459207
num_underscores,num_repeating,0.20623137150640458,0.20623137150640458
url_len,num_hyphens,0.20523549803592364,0.20523549803592364
ratio_digits,path_depth,0.20423600883956847,0.20423600883956847
subdomain_parts,abnormal_subdomain,0.2041178238584409,0.2041178238584409
num_letters,num_subdirs,0.20406301424803278,0.20406301424803278
num_underscores,num_amp,0.20372744260538048,0.20372744260538048
https_flag,http_no_brand_no_age,-0.20264197147798182,0.20264197147798182
max_digits,domain_digit_ratio,0.20234793287242292,0.20234793287242292
path_len,num_equal,0.20139015458397616,0.20139015458397616
subdomain_parts,https_flag,0.19929666173123362,0.19929666173123362
url_len,max_digits,0.19903535122633353,0.19903535122633353
url_entropy,label,0.1975920573845763,0.1975920573845763
num_amp,max_consonants,0.19584909359435657,0.19584909359435657
domain_digit_ratio,abnormal_subdomain,0.1929031297489913,0.1929031297489913
risky_tld,label,0.19215467798545086,0.19215467798545086
num_qmark,num_digits,0.19129258601347848,0.19129258601347848
subdomain_parts,domain_len,-0.1905258425834073,0.1905258425834073
num_qmark,num_slashes,0.18699859600791507,0.18699859600791507
num_dots,num_at,0.18688655237093083,0.18688655237093083
url_len,num_underscores,0.18483801706415753,0.18483801706415753
num_subdirs,ratio_digits,0.18479858220267154,0.18479858220267154
leet_in_domain,leet_brand_score,0.18261442824491175,0.18261442824491175
url_entropy,max_vowels,0.18185475106143117,0.18185475106143117
num_amp,num_slashes,0.18102955342405794,0.18102955342405794
num_hyphens,num_digits,0.18092352340752,0.18092352340752
leet_speak_score,label,0.18083203907981524,0.18083203907981524
num_qmark,max_digits,0.18029330587340245,0.18029330587340245
num_hyphens,ratio_digits,0.17950806804078698,0.17950806804078698
sus_words,leet_brand_score,0.1787147641893623,0.1787147641893623
num_underscores,num_slashes,0.1783858366711255,0.1783858366711255
num_dots,num_frag,0.17805242302326804,0.17805242302326804
num_percent,num_letters,0.17802440995622265,0.17802440995622265
num_amp,ratio_digits,0.17786097111361854,0.17786097111361854
num_digits,path_depth,0.1776671512839723,0.1776671512839723
url_len,num_qmark,0.17737339046821868,0.17737339046821868
url_entropy,https_flag,-0.17691503584300658,0.17691503584300658
num_equal,path_depth,0.17646942444756528,0.17646942444756528
num_equal,num_subdirs,0.17617058188829526,0.17617058188829526
num_hyphens,num_letters,0.17579697259421595,0.17579697259421595
sus_words,visual_brand_similarity,0.17526514932867274,0.17526514932867274
num_digits,num_subdirs,0.17450770268389668,0.17450770268389668
num_dots,tld_len,0.17447010190503406,0.17447010190503406
num_at,num_frag,0.17365949228492802,0.17365949228492802
path_len,num_special,0.1732980473941725,0.1732980473941725
path_len,num_params,0.17260442820801486,0.17260442820801486
num_underscores,path_depth,0.1723856835478753,0.1723856835478753
num_params,path_depth,0.17120213664313344,0.17120213664313344
num_underscores,num_percent,0.1708809761696504,0.1708809761696504
num_amp,num_frag,0.1706426802658709,0.1706426802658709
num_subdirs,num_params,0.17053776469706056,0.17053776469706056
path_dots,http_no_brand_no_age,0.16957030794176028,0.16957030794176028
num_equal,has_redirect,0.16881712138017435,0.16881712138017435
num_underscores,num_special,0.1683134867398398,0.1683134867398398
path_dots,visual_brand_similarity,0.16768730594205783,0.16768730594205783
url_len,ratio_digits,0.16768143155359636,0.16768143155359636
num_special,num_slashes,0.16735332642260772,0.16735332642260772
ratio_digits,label,0.16534460495240963,0.16534460495240963
num_percent,max_consonants,0.16383253420991717,0.16383253420991717
ratio_digits,subdomain_parts,0.16303460010915732,0.16303460010915732
num_special,max_digits,0.16189502609310347,0.16189502609310347
num_percent,num_special,0.16040714034025902,0.16040714034025902
visual_brand_similarity,http_no_brand_no_age,0.1597755710093835,0.1597755710093835
num_underscores,num_digits,0.15970930418385224,0.15970930418385224
num_params,ratio_letters,-0.1596094324117446,0.1596094324117446
num_underscores,num_subdirs,0.15932576756342798,0.15932576756342798
num_underscores,num_letters,0.15867928119341793,0.15867928119341793
num_percent,max_vowels,0.15639599063224274,0.15639599063224274
tld_len,domain_len,0.1552520567651543,0.1552520567651543
num_params,has_redirect,0.15301368050996889,0.15301368050996889
num_qmark,ratio_digits,0.15161301981220449,0.15161301981220449
path_len,num_amp,0.15091041837270225,0.15091041837270225
path_dots,max_digits,0.14983328959921147,0.14983328959921147
num_special,max_consonants,0.1495897271887069,0.1495897271887069
num_equal,ratio_letters,-0.14936037639526484,0.14936037639526484
http_no_brand_no_age,leet_brand_score,0.14915218903495664,0.14915218903495664
num_dots,ratio_letters,-0.14817954919868498,0.14817954919868498
num_qmark,max_consonants,0.1470583500411618,0.1470583500411618
num_amp,num_subdirs,0.1469190899151936,0.1469190899151936
num_digits,encoding_ratio,0.14621803143036827,0.14621803143036827
path_len,max_vowels,0.14541685177212718,0.14541685177212718
num_amp,path_depth,0.14527278414032754,0.14527278414032754
num_qmark,num_letters,0.14488676155572242,0.14488676155572242
num_at,num_params,0.14372172450664944,0.14372172450664944
num_slashes,visual_brand_similarity,0.14313934086634833,0.14313934086634833
https_flag,leet_speak_score,0.1421522437147124,0.1421522437147124
url_len,max_vowels,0.1393186823956837,0.1393186823956837
path_len,visual_brand_similarity,0.13894278379369895,0.13894278379369895
num_dots,num_underscores,0.13870833773814756,0.13870833773814756
https_flag,abnormal_subdomain,0.13853546568530714,0.13853546568530714
num_amp,ratio_letters,-0.13752023578929715,0.13752023578929715
risky_tld,leet_brand_score,0.1373650789573677,0.1373650789573677
num_slashes,sus_words,0.13717778366940855,0.13717778366940855
path_len,max_consonants,0.13674182814597846,0.13674182814597846
domain_len,http_no_brand_no_age,0.13668623724956674,0.13668623724956674
path_dots,domain_len,0.13653397982360715,0.13653397982360715
abnormal_subdomain,label,0.13631316242923266,0.13631316242923266
num_slashes,http_no_brand_no_age,0.13622486132725017,0.13622486132725017
url_entropy,visual_brand_similarity,0.13620382945767542,0.13620382945767542
path_dots,sus_words,0.13608546661555598,0.13608546661555598
num_digits,leet_speak_score,0.13572502073200873,0.13572502073200873
url_len,path_dots,0.1351527448736947,0.1351527448736947
num_special,path_depth,0.13460568083591706,0.13460568083591706
num_percent,num_repeating,0.13458392498972765,0.13458392498972765
url_entropy,has_multi_subdomain,0.13448840197294076,0.13448840197294076
num_subdirs,num_special,0.13436996362128348,0.13436996362128348
visual_brand_similarity,path_depth,0.13388168825716726,0.13388168825716726
visual_brand_similarity,label,0.1337400019386559,0.1337400019386559
num_hyphens,ratio_letters,-0.13365328719183375,0.13365328719183375
num_equal,max_vowels,0.13342121625049957,0.13342121625049957
num_amp,has_redirect,0.1332554669954557,0.1332554669954557
num_frag,num_params,0.13324706400303768,0.13324706400303768
max_digits,leet_in_domain,0.13267211841896448,0.13267211841896448
brand_in_domain,domain_len,0.13221177572467332,0.13221177572467332
num_digits,subdomain_parts,0.13204815114178461,0.13204815114178461
num_digits,max_vowels,0.1303022502865078,0.1303022502865078
path_dots,susp_ext,0.1298900500339346,0.1298900500339346
num_letters,max_digits,0.12956349721979482,0.12956349721979482
shortened,domain_len,-0.12939451786191863,0.12939451786191863
num_subdirs,visual_brand_similarity,0.12917528425144872,0.12917528425144872
num_digits,num_frag,0.1282149704213535,0.1282149704213535
num_qmark,ratio_letters,-0.12811498214110373,0.12811498214110373
url_entropy,leet_speak_score,0.12779896725389567,0.12779896725389567
url_entropy,abnormal_subdomain,0.12742462576608504,0.12742462576608504
num_params,max_vowels,0.127262465173647,0.127262465173647
num_dots,max_consonants,0.1268222599632575,0.1268222599632575
num_dots,max_vowels,0.12670653119561115,0.12670653119561115
num_letters,max_vowels,0.12622347089624741,0.12622347089624741
num_equal,num_frag,0.12601044846920365,0.12601044846920365
ratio_letters,label,-0.1255778955489454,0.1255778955489454
num_slashes,max_vowels,0.12475905942932537,0.12475905942932537
num_params,label,0.1224207784268673,0.1224207784268673
brand_mismatch,domain_len,0.12197823268776642,0.12197823268776642
url_entropy,domain_len,0.12189591264353361,0.12189591264353361
max_vowels,path_depth,0.12160444381195866,0.12160444381195866
num_dots,visual_brand_similarity,0.12133794233768926,0.12133794233768926
path_dots,num_equal,0.12133247766318622,0.12133247766318622
subdomain_parts,max_digits,0.12050079516425932,0.12050079516425932
num_at,num_equal,0.11944692554634374,0.11944692554634374
num_at,num_qmark,0.11942716868117949,0.11942716868117949
num_qmark,path_depth,0.11897000052028542,0.11897000052028542
num_digits,label,0.11888624967014105,0.11888624967014105
num_equal,label,0.11873748676236508,0.11873748676236508
path_dots,num_digits,0.11851391278839363,0.11851391278839363
url_entropy,subdomain_spam_score,0.11843285634570411,0.11843285634570411
path_dots,num_qmark,0.11804498471850583,0.11804498471850583
num_equal,subdomain_parts,0.11747436402868572,0.11747436402868572
num_dots,http_no_brand_no_age,0.11690502508753398,0.11690502508753398
https_flag,shortened,0.11650148931426023,0.11650148931426023
num_qmark,num_subdirs,0.1160488102015592,0.1160488102015592
path_dots,num_letters,0.1159982775249249,0.1159982775249249
https_flag,max_digits,-0.11586983579985645,0.11586983579985645
num_at,num_amp,0.11569480114550715,0.11569480114550715
url_len,subdomain_parts,0.11488904440352549,0.11488904440352549
num_slashes,ratio_letters,-0.11448144396062947,0.11448144396062947
sus_words,domain_len,0.114228703119457,0.114228703119457
num_dots,leet_speak_score,0.11381227172561084,0.11381227172561084
num_amp,label,0.11369153893324131,0.11369153893324131
num_digits,abnormal_subdomain,0.11346393387826402,0.11346393387826402
num_subdirs,max_vowels,0.11316816108105233,0.11316816108105233
num_equal,num_repeating,0.11208667152770593,0.11208667152770593
num_amp,max_vowels,0.1117997144988507,0.1117997144988507
path_dots,ratio_digits,0.11130470841296801,0.11130470841296801
has_redirect,http_no_brand_no_age,0.11115266362644514,0.11115266362644514
path_dots,num_params,0.11088934734465522,0.11088934734465522
tld_len,shortened,-0.11087899938791643,0.11087899938791643
num_percent,has_multi_subdomain,0.11086658628771595,0.11086658628771595
tld_len,subdomain_spam_score,0.11053428526051004,0.11053428526051004
max_consonants,domain_len,-0.11046832205600958,0.11046832205600958
brand_hyphen_suspicious,domain_len,0.11027997448001046,0.11027997448001046
num_at,num_special,0.11019978425665955,0.11019978425665955
num_dots,abnormal_subdomain,0.11019587077438173,0.11019587077438173
sus_words,path_depth,0.10993942061213394,0.10993942061213394
domain_digit_ratio,label,0.10970890242968777,0.10970890242968777
url_len,num_frag,0.10835527756749579,0.10835527756749579
num_digits,num_repeating,0.10795699420393996,0.10795699420393996
num_special,ratio_digits,0.10700417157366474,0.10700417157366474
num_dots,sus_words,0.10682732325100155,0.10682732325100155
path_depth,http_no_brand_no_age,0.10679835272569263,0.10679835272569263
num_digits,visual_brand_similarity,0.10662031578470607,0.10662031578470607
brand_mismatch,label,0.10604558039504884,0.10604558039504884
path_dots,num_underscores,0.10558423067778967,0.10558423067778967
url_entropy,tld_len,0.10527610786053024,0.10527610786053024
num_underscores,max_vowels,0.10495313445177018,0.10495313445177018
shortened,label,0.10487693327373437,0.10487693327373437
path_len,num_qmark,0.10445719201617719,0.10445719201617719
num_percent,url_entropy,0.10435441687445787,0.10435441687445787
max_domain_digits,label,0.10429671922273659,0.10429671922273659
num_qmark,has_redirect,0.10383419691938638,0.10383419691938638
num_dots,encoding_ratio,0.10325324686963916,0.10325324686963916
subdomain_parts,max_vowels,0.10305460812672387,0.10305460812672387
num_underscores,max_digits,0.10279049024027427,0.10279049024027427
num_repeating,num_params,0.1024798269953731,0.1024798269953731
visual_brand_similarity,domain_len,0.10223312844119735,0.10223312844119735
https_flag,sus_words,-0.10215315750842924,0.10215315750842924
leet_speak_score,path_depth,-0.1018903607679671,0.1018903607679671
num_subdirs,sus_words,0.10177336787019266,0.10177336787019266
num_underscores,https_flag,-0.10127009597510514,0.10127009597510514
domain_len,abnormal_subdomain,-0.10084378075492895,0.10084378075492895
num_params,subdomain_parts,0.1005919182308798,0.1005919182308798
tld_len,risky_tld,0.09882896237723669,0.09882896237723669
has_multi_subdomain,domain_len,-0.09864089197426619,0.09864089197426619
num_hyphens,max_vowels,0.09845770564914788,0.09845770564914788
num_letters,subdomain_parts,0.09834793404065832,0.09834793404065832
risky_tld,suspicious_port,0.09813570614980699,0.09813570614980699
ratio_digits,visual_brand_similarity,0.097417855473491,0.097417855473491
num_repeating,max_consonants,0.09687310007754717,0.09687310007754717
num_letters,num_frag,0.09685114865702202,0.09685114865702202
sus_words,has_redirect,0.0964335320560451,0.0964335320560451
url_len,encoding_ratio,0.09637447060434097,0.09637447060434097
num_subdirs,http_no_brand_no_age,0.0954218133490586,0.0954218133490586
ratio_letters,path_depth,-0.0944073476356263,0.0944073476356263
num_underscores,num_qmark,0.0937778804170629,0.0937778804170629
num_at,url_entropy,0.09374872986581727,0.09374872986581727
num_digits,has_multi_subdomain,0.09338345121058214,0.09338345121058214
num_hyphens,visual_brand_similarity,0.09278360684014622,0.09278360684014622
num_amp,num_repeating,0.09260911033881224,0.09260911033881224
url_len,num_repeating,0.0921981160025389,0.0921981160025389
num_letters,ratio_digits,0.09184708149560493,0.09184708149560493
has_multi_subdomain,max_consonants,0.0918411753422384,0.0918411753422384
num_slashes,leet_speak_score,-0.09176271409143162,0.09176271409143162
num_percent,max_digits,0.09136451496904822,0.09136451496904822
num_hyphens,https_flag,-0.09133830908648749,0.09133830908648749
num_percent,visual_brand_similarity,0.0904923626697846,0.0904923626697846
url_entropy,sus_words,0.09011460425933787,0.09011460425933787
num_amp,subdomain_parts,0.08994681355249426,0.08994681355249426
num_qmark,http_no_brand_no_age,0.08894879886131697,0.08894879886131697
leet_speak_score,domain_len,-0.08879616299416775,0.08879616299416775
num_percent,ratio_digits,0.08874475908610747,0.08874475908610747
num_hyphens,label,-0.0883545629937708,0.0883545629937708
num_hyphens,domain_len,0.08782552114067772,0.08782552114067772
has_multi_subdomain,abnormal_subdomain,0.08762097349354823,0.08762097349354823
subdomain_spam_score,abnormal_subdomain,0.08741463195736711,0.08741463195736711
num_special,max_vowels,0.08725188293647468,0.08725188293647468
brand_in_domain,label,0.08722514984145804,0.08722514984145804
suspicious_port,http_no_brand_no_age,0.08664484504039839,0.08664484504039839
max_vowels,domain_len,0.08651602152300505,0.08651602152300505
num_special,num_repeating,0.08639762478805758,0.08639762478805758
has_multi_subdomain,leet_speak_score,0.086316179783579,0.086316179783579
susp_ext,label,0.08568472195933077,0.08568472195933077
num_equal,encoding_ratio,0.08548337312319537,0.08548337312319537
num_special,has_redirect,0.08545658303166088,0.08545658303166088
num_qmark,sus_words,0.08532766811379644,0.08532766811379644
num_slashes,label,0.08482092452502839,0.08482092452502839
num_special,ratio_letters,-0.08435113157910076,0.08435113157910076
risky_tld,leet_in_domain,0.08365348651312406,0.08365348651312406
num_dots,has_redirect,0.08355367733163468,0.08355367733163468
path_len,ratio_letters,-0.08341016263050281,0.08341016263050281
brand_hyphen_suspicious,label,0.08328025707908808,0.08328025707908808
num_repeating,max_digits,0.0832208040746658,0.0832208040746658
url_entropy,shortened,-0.08318414647044535,0.08318414647044535
leet_speak_score,subdomain_spam_score,0.08304643964855102,0.08304643964855102
risky_tld,has_redirect,0.08271856166601287,0.08271856166601287
num_subdirs,leet_speak_score,-0.08217486906886329,0.08217486906886329
num_digits,subdomain_spam_score,0.08159463447714997,0.08159463447714997
brand_in_domain,leet_brand_score,0.08147680909287867,0.08147680909287867
url_len,visual_brand_similarity,0.08103075309531539,0.08103075309531539
num_params,encoding_ratio,0.08102241183861822,0.08102241183861822
num_qmark,num_percent,0.08060167001412634,0.08060167001412634
num_at,label,0.08040831770065562,0.08040831770065562
max_vowels,max_digits,0.07984395711729146,0.07984395711729146
subdomain_spam_score,label,0.07969923853435502,0.07969923853435502
leet_in_domain,label,0.0796054015052951,0.0796054015052951
num_at,num_slashes,0.07927991867846572,0.07927991867846572
ratio_letters,shortened,-0.07910015824382165,0.07910015824382165
risky_tld,domain_len,0.07909289752616036,0.07909289752616036
num_percent,subdomain_spam_score,0.07870846529607702,0.07870846529607702
ratio_letters,subdomain_parts,-0.07864864597290003,0.07864864597290003
risky_tld,max_domain_digits,0.07840867698229285,0.07840867698229285
has_multi_subdomain,label,0.07839561800739418,0.07839561800739418
num_digits,domain_digit_ratio,0.0774064809893608,0.0774064809893608
num_at,num_subdirs,0.07724343140839776,0.07724343140839776
path_dots,tld_len,0.07717595096153983,0.07717595096153983
brand_mismatch,has_redirect,0.07704802290925761,0.07704802290925761
brand_in_domain,has_redirect,0.07696447792498189,0.07696447792498189
num_dots,num_repeating,0.0762681325723626,0.0762681325723626
num_hyphens,num_equal,0.07613533581027945,0.07613533581027945
path_dots,num_at,0.07576577558362571,0.07576577558362571
path_dots,num_amp,0.07571572255346028,0.07571572255346028
num_letters,num_repeating,0.07567871546483106,0.07567871546483106
num_frag,url_entropy,0.075633567432582,0.075633567432582
has_multi_subdomain,risky_tld,0.07529369730862737,0.07529369730862737
path_len,leet_speak_score,-0.07516547922961099,0.07516547922961099
num_qmark,label,0.07484720251302363,0.07484720251302363
brand_mismatch,leet_brand_score,0.07434363726223524,0.07434363726223524
url_entropy,http_no_brand_no_age,0.07418069878208096,0.07418069878208096
num_dots,https_flag,-0.07395489714383789,0.07395489714383789
visual_brand_similarity,brand_hyphen_suspicious,0.07392364602753557,0.07392364602753557
path_dots,label,0.07385095615166089,0.07385095615166089
url_len,has_multi_subdomain,0.07344161239751282,0.07344161239751282
num_qmark,max_vowels,0.07311996913606378,0.07311996913606378
url_len,label,0.0729794043762326,0.0729794043762326
num_hyphens,num_amp,0.07256489509546815,0.07256489509546815
num_subdirs,ratio_letters,-0.07246054046107993,0.07246054046107993
ratio_letters,brand_mismatch,0.07224098765122484,0.07224098765122484
max_consonants,max_vowels,0.07218476483786815,0.07218476483786815
path_len,num_repeating,0.07215554731420078,0.07215554731420078
path_depth,abnormal_subdomain,-0.07196427881564892,0.07196427881564892
ratio_letters,encoding_ratio,-0.07188051786513219,0.07188051786513219
num_at,path_depth,0.07182489294471617,0.07182489294471617
ratio_digits,encoding_ratio,0.07135859274048818,0.07135859274048818
num_subdirs,shortened,-0.07134089262680847,0.07134089262680847
max_consonants,subdomain_spam_score,0.07092207278397734,0.07092207278397734
num_subdirs,tld_len,0.07088378167066314,0.07088378167066314
url_entropy,encoding_ratio,0.07065593180727667,0.07065593180727667
num_percent,ratio_letters,-0.0706070432249782,0.0706070432249782
num_letters,encoding_ratio,0.0705692038106365,0.0705692038106365
num_dots,shortened,-0.06986864723695017,0.06986864723695017
num_slashes,abnormal_subdomain,-0.06983914310453508,0.06983914310453508
punycode_suspicious,leet_in_domain,0.06969567123621008,0.06969567123621008
subdomain_parts,domain_digit_ratio,0.06947234539990828,0.06947234539990828
num_amp,encoding_ratio,0.06942035510906838,0.06942035510906838
subdomain_spam_score,domain_len,-0.06922376632872569,0.06922376632872569
num_subdirs,risky_tld,-0.06906089228565168,0.06906089228565168
ratio_letters,brand_in_domain,0.06887172784009231,0.06887172784009231
url_len,subdomain_spam_score,0.06882988376029313,0.06882988376029313
num_dots,susp_ext,0.06879421497850667,0.06879421497850667
max_consonants,encoding_ratio,0.06874407490740261,0.06874407490740261
path_dots,num_special,0.06853755802255972,0.06853755802255972
path_len,risky_tld,-0.06825138120965604,0.06825138120965604
num_underscores,visual_brand_similarity,0.06800499495410384,0.06800499495410384
tld_len,https_flag,-0.06784652000148288,0.06784652000148288
ratio_letters,https_flag,-0.06779298209562507,0.06779298209562507
tld_len,visual_brand_similarity,0.06741720876032191,0.06741720876032191
puny,leet_in_domain,0.06738141550703453,0.06738141550703453
num_hyphens,num_params,0.06652968385381043,0.06652968385381043
num_equal,sus_words,0.0663571395504755,0.0663571395504755
subdomain_parts,shortened,-0.06624168241712834,0.06624168241712834
num_special,subdomain_parts,0.0660694413426612,0.0660694413426612
max_digits,visual_brand_similarity,0.0655502521666535,0.0655502521666535
max_domain_digits,path_depth,-0.06554921067540785,0.06554921067540785
num_repeating,ratio_digits,0.06538770665972264,0.06538770665972264
https_flag,brand_in_domain,-0.0653164106739433,0.0653164106739433
num_percent,subdomain_parts,0.06528816757350839,0.06528816757350839
risky_tld,domain_digit_ratio,0.06517443185411427,0.06517443185411427
num_subdirs,abnormal_subdomain,-0.0651190902486021,0.0651190902486021
path_depth,label,0.0650232947651184,0.0650232947651184
brand_mismatch,subdomain_spam_score,0.06498716489732945,0.06498716489732945
num_letters,visual_brand_similarity,0.0648475794943221,0.0648475794943221
ratio_digits,has_multi_subdomain,0.06476561958639838,0.06476561958639838
num_params,sus_words,0.06475991680132896,0.06475991680132896
encoding_ratio,visual_brand_similarity,0.06461695840507439,0.06461695840507439
ratio_digits,max_consonants,0.06444921396553495,0.06444921396553495
num_underscores,label,-0.06394789464587924,0.06394789464587924
domain_digit_ratio,path_depth,-0.06317279001115221,0.06317279001115221
num_underscores,subdomain_parts,0.06310325370859875,0.06310325370859875
num_frag,max_digits,0.0628745087139477,0.0628745087139477
domain_len,domain_digit_ratio,-0.06268069572007474,0.06268069572007474
num_repeating,subdomain_parts,0.06207721920209867,0.06207721920209867
num_qmark,num_frag,0.062035890720297526,0.062035890720297526
num_special,label,0.0619992676963196,0.0619992676963196
num_frag,ratio_digits,0.06194460994558227,0.06194460994558227
num_letters,has_multi_subdomain,0.06132740490211201,0.06132740490211201
risky_tld,path_depth,-0.061195891866803895,0.061195891866803895
num_params,http_no_brand_no_age,0.061169967250606784,0.061169967250606784
ratio_digits,brand_in_domain,-0.06105763611525094,0.06105763611525094
risky_tld,leet_speak_score,0.06086470713047272,0.06086470713047272
https_flag,domain_digit_ratio,0.060837079076712604,0.060837079076712604
num_slashes,risky_tld,-0.060494198163797544,0.060494198163797544
url_entropy,has_redirect,0.06007878620619356,0.06007878620619356
num_digits,max_domain_digits,0.05999343450723196,0.05999343450723196
url_len,ratio_letters,-0.05979235134980078,0.05979235134980078
num_equal,http_no_brand_no_age,0.059782454136704924,0.059782454136704924
https_flag,max_vowels,-0.059643496715778344,0.059643496715778344
num_underscores,max_consonants,0.059562969936632564,0.059562969936632564
num_dots,num_hyphens,0.059386826343957956,0.059386826343957956
ratio_digits,brand_mismatch,-0.059160212628266845,0.059160212628266845
brand_hyphen_suspicious,has_redirect,0.05900452660396117,0.05900452660396117
num_slashes,has_redirect,0.05894731295395675,0.05894731295395675
https_flag,brand_hyphen_suspicious,-0.058925600158342605,0.058925600158342605
num_hyphens,num_percent,0.05879492861064655,0.05879492861064655
ratio_letters,max_vowels,0.05850186794008788,0.05850186794008788
subdomain_parts,max_domain_digits,0.05840866615343547,0.05840866615343547
path_dots,max_consonants,-0.05824695988680966,0.05824695988680966
num_letters,subdomain_spam_score,0.05819082655357489,0.05819082655357489
num_equal,has_multi_subdomain,0.05793787480328878,0.05793787480328878
tld_len,http_no_brand_no_age,0.05784510279809934,0.05784510279809934
num_letters,label,0.057764581372849004,0.057764581372849004
max_consonants,leet_speak_score,0.05766336290088549,0.05766336290088549
path_dots,num_hyphens,0.05718263585948669,0.05718263585948669
num_slashes,max_domain_digits,-0.057178065056415456,0.057178065056415456
path_dots,max_vowels,0.05705741433177451,0.05705741433177451
max_digits,brand_in_domain,-0.05683050316206668,0.05683050316206668
path_len,http_no_brand_no_age,0.05678607105065365,0.05678607105065365
num_at,http_no_brand_no_age,0.056374104443726945,0.056374104443726945
num_repeating,num_slashes,0.056285289316871795,0.056285289316871795
risky_tld,max_consonants,0.05594945453870867,0.05594945453870867
num_at,sus_words,0.05553722451369957,0.05553722451369957
tld_len,punycode_suspicious,0.05476799889237732,0.05476799889237732
ratio_digits,subdomain_spam_score,0.05475407175881143,0.05475407175881143
path_len,domain_digit_ratio,-0.054152750767535784,0.054152750767535784
num_equal,visual_brand_similarity,0.054038384909531535,0.054038384909531535
path_len,max_domain_digits,-0.053904071447082064,0.053904071447082064
max_domain_digits,leet_brand_score,0.053696566664210285,0.053696566664210285
path_dots,shortened,-0.05355611066755868,0.05355611066755868
path_len,sus_words,0.05353390264306107,0.05353390264306107
subdomain_parts,brand_in_domain,-0.05337054457443563,0.05337054457443563
has_multi_subdomain,max_digits,0.053310465456116556,0.053310465456116556
num_qmark,encoding_ratio,0.05324439227347679,0.05324439227347679
url_len,num_at,0.05315437096065288,0.05315437096065288
num_slashes,domain_digit_ratio,-0.053062282378693884,0.053062282378693884
url_len,has_redirect,0.05290013062778443,0.05290013062778443
ratio_letters,visual_brand_similarity,-0.05257359312232255,0.05257359312232255
brand_mismatch,max_digits,-0.05247316015833086,0.05247316015833086
num_repeating,url_entropy,0.05225583090227542,0.05225583090227542
domain_len,max_domain_digits,0.052099347409706245,0.052099347409706245
max_consonants,abnormal_subdomain,0.051802551578242054,0.051802551578242054
path_dots,ratio_letters,-0.05159446557213044,0.05159446557213044
ratio_letters,brand_hyphen_suspicious,0.051571688200044125,0.051571688200044125
url_entropy,domain_digit_ratio,0.05144242238684556,0.05144242238684556
shortened,max_vowels,-0.051435699318820687,0.051435699318820687
num_subdirs,domain_digit_ratio,-0.05127951255851117,0.05127951255851117
num_repeating,label,0.051094646928938246,0.051094646928938246
url_len,https_flag,-0.05094270220722176,0.05094270220722176
path_len,subdomain_parts,0.050831511953675086,0.050831511953675086
num_subdirs,num_repeating,0.05081272702578146,0.05081272702578146
num_frag,ratio_letters,-0.05080393207047147,0.05080393207047147
leet_in_domain,http_no_brand_no_age,0.05077727831241518,0.05077727831241518
https_flag,brand_mismatch,-0.050697114629525857,0.050697114629525857
visual_brand_similarity,brand_in_domain,0.05041382112092488,0.05041382112092488
path_len,shortened,-0.050393576634064983,0.050393576634064983
num_repeating,path_depth,0.05037173442520421,0.05037173442520421
num_frag,max_vowels,0.05028868856212162,0.05028868856212162
tld_len,puny,0.05011245254455932,0.05011245254455932
num_hyphens,subdomain_parts,0.04985061745291117,0.04985061745291117
num_letters,domain_len,0.04982223319424728,0.04982223319424728
url_len,sus_words,0.04952115384258703,0.04952115384258703
num_frag,max_consonants,0.04947874558441076,0.04947874558441076
path_len,brand_mismatch,-0.048918529297178166,0.048918529297178166
num_repeating,ratio_letters,-0.04890672704479141,0.04890672704479141
risky_tld,subdomain_spam_score,0.048811885748456026,0.048811885748456026
num_letters,https_flag,-0.04849866114788387,0.04849866114788387
ratio_letters,sus_words,0.04834897392215457,0.04834897392215457
num_frag,label,0.04825319518928054,0.04825319518928054
ratio_digits,brand_hyphen_suspicious,-0.04800618134180531,0.04800618134180531
has_multi_subdomain,max_vowels,0.047967991511323055,0.047967991511323055
https_flag,susp_ext,-0.047924024047923015,0.047924024047923015
max_digits,subdomain_spam_score,0.04761549676314972,0.04761549676314972
ratio_digits,domain_len,-0.047573500353556786,0.047573500353556786
num_qmark,subdomain_parts,0.04749188466431294,0.04749188466431294
num_underscores,encoding_ratio,0.04748669909794839,0.04748669909794839
url_entropy,max_domain_digits,0.0472802802038657,0.0472802802038657
num_params,visual_brand_similarity,0.047216302810660624,0.047216302810660624
num_subdirs,double_slash_in_path,0.047105402148552765,0.047105402148552765
num_hyphens,shortened,-0.04700756492339529,0.04700756492339529
num_special,visual_brand_similarity,0.04685567726716445,0.04685567726716445
path_len,abnormal_subdomain,-0.04667265283196318,0.04667265283196318
num_at,max_digits,0.046191710080488196,0.046191710080488196
brand_mismatch,visual_brand_similarity,0.046100816050375124,0.046100816050375124
risky_tld,max_digits,-0.04607050008845701,0.04607050008845701
num_special,encoding_ratio,0.04604498502865871,0.04604498502865871
num_slashes,shortened,-0.045640888233904366,0.045640888233904366
num_subdirs,max_domain_digits,-0.045630085612251764,0.045630085612251764
num_params,has_multi_subdomain,0.045573310410297184,0.045573310410297184
max_digits,encoding_ratio,0.04549416969615278,0.04549416969615278
leet_speak_score,punycode_suspicious,0.04547525323459652,0.04547525323459652
num_at,num_digits,0.04531148831632042,0.04531148831632042
url_len,domain_len,0.04530904898848594,0.04530904898848594
num_amp,has_multi_subdomain,0.045268500894101,0.045268500894101
url_len,http_no_brand_no_age,0.04524875376819868,0.04524875376819868
path_len,brand_in_domain,-0.045216878714943586,0.045216878714943586
subdomain_parts,brand_hyphen_suspicious,-0.04520438502117924,0.04520438502117924
max_digits,brand_hyphen_suspicious,-0.0451534329980453,0.0451534329980453
num_letters,has_redirect,0.04512542938221127,0.04512542938221127
max_vowels,encoding_ratio,0.04483871814596609,0.04483871814596609
num_at,num_letters,0.0446449252985094,0.0446449252985094
ratio_letters,risky_tld,0.04456624743250922,0.04456624743250922
num_dots,domain_digit_ratio,0.04407578247905989,0.04407578247905989
num_digits,sus_words,0.04397531846558768,0.04397531846558768
num_qmark,https_flag,-0.043961240413822274,0.043961240413822274
num_equal,subdomain_spam_score,0.043946936983358095,0.043946936983358095
shortened,path_depth,-0.043648288364651344,0.043648288364651344
num_dots,brand_in_domain,-0.043496370105874045,0.043496370105874045
num_digits,has_redirect,0.04322689352164417,0.04322689352164417
num_subdirs,brand_mismatch,-0.04321897666135317,0.04321897666135317
num_letters,sus_words,0.04319523677325747,0.04319523677325747
num_slashes,double_slash_in_path,0.04311114051671305,0.04311114051671305
leet_brand_score,label,0.043095803599804056,0.043095803599804056
tld_len,path_depth,0.042918126152535284,0.042918126152535284
puny,leet_speak_score,0.042902103795581195,0.042902103795581195
has_redirect,label,0.04257478968674859,0.04257478968674859
num_subdirs,brand_in_domain,-0.042533549647954215,0.042533549647954215
ratio_letters,susp_ext,-0.04251548106556998,0.04251548106556998
ratio_letters,http_no_brand_no_age,0.0423960699965048,0.0423960699965048
num_hyphens,suspicious_port,0.04237530919461231,0.04237530919461231
num_percent,has_redirect,0.0423254811923252,0.0423254811923252
num_digits,leet_in_domain,0.04189666495948574,0.04189666495948574
subdomain_parts,suspicious_port,0.04188129652259897,0.04188129652259897
risky_tld,visual_brand_similarity,0.04175827192113127,0.04175827192113127
susp_ext,leet_in_domain,0.041689240321932566,0.041689240321932566
leet_in_domain,path_depth,-0.04112671904005948,0.04112671904005948
max_vowels,subdomain_spam_score,0.04107354664670396,0.04107354664670396
susp_ext,path_depth,0.04090127635508791,0.04090127635508791
num_frag,num_slashes,0.0407092473574039,0.0407092473574039
ratio_digits,max_vowels,0.03976711326371575,0.03976711326371575
num_letters,http_no_brand_no_age,0.03968534327077617,0.03968534327077617
num_subdirs,domain_len,0.03964953143243655,0.03964953143243655
num_digits,http_no_brand_no_age,0.03960386605352253,0.03960386605352253
num_slashes,tld_len,0.0395352478500159,0.0395352478500159
num_amp,visual_brand_similarity,0.039514003689278,0.039514003689278
num_amp,sus_words,0.03933501179662892,0.03933501179662892
tld_len,max_domain_digits,0.039190306595523215,0.039190306595523215
path_len,leet_in_domain,-0.03885637442840107,0.03885637442840107
https_flag,visual_brand_similarity,-0.03868562647401359,0.03868562647401359
num_subdirs,suspicious_port,0.038677932549967126,0.038677932549967126
num_frag,num_repeating,0.03860759716994353,0.03860759716994353
num_qmark,visual_brand_similarity,0.03846441256785065,0.03846441256785065
path_dots,leet_speak_score,0.03827095295992107,0.03827095295992107
has_multi_subdomain,https_flag,0.038102069449619996,0.038102069449619996
num_hyphens,num_special,0.038081026882405306,0.038081026882405306
num_special,has_multi_subdomain,0.03792692913713238,0.03792692913713238
max_vowels,domain_digit_ratio,-0.037823323884472806,0.037823323884472806
url_entropy,suspicious_port,0.037627741764025016,0.037627741764025016
max_consonants,brand_hyphen_suspicious,-0.03762645455979818,0.03762645455979818
path_dots,double_slash_in_path,0.037319621430756345,0.037319621430756345
suspicious_port,max_consonants,0.03723414524163558,0.03723414524163558
path_len,tld_len,0.03709286922717811,0.03709286922717811
ratio_digits,suspicious_port,0.03707976713749381,0.03707976713749381
num_frag,has_multi_subdomain,0.03702715703689753,0.03702715703689753
num_slashes,susp_ext,0.036986605255955526,0.036986605255955526
num_amp,http_no_brand_no_age,0.03689761484446861,0.03689761484446861
path_dots,abnormal_subdomain,0.03679194070634582,0.03679194070634582
suspicious_port,max_digits,0.036719266065825075,0.036719266065825075
domain_digit_ratio,leet_brand_score,0.03662026606379738,0.03662026606379738
suspicious_port,path_depth,0.03652669755126702,0.03652669755126702
num_underscores,ratio_digits,0.03620020156792124,0.03620020156792124
ratio_letters,suspicious_port,-0.03617844186285586,0.03617844186285586
num_dots,brand_hyphen_suspicious,-0.03610189382240408,0.03610189382240408
ratio_digits,tld_len,0.03596292311946987,0.03596292311946987
num_hyphens,num_repeating,0.0358101539053894,0.0358101539053894
num_hyphens,abnormal_subdomain,0.035730858471768163,0.035730858471768163
num_special,sus_words,0.035708905154274294,0.035708905154274294
num_special,http_no_brand_no_age,0.035639070129360614,0.035639070129360614
num_underscores,risky_tld,-0.03538846071840155,0.03538846071840155
path_len,suspicious_port,0.03533917230764956,0.03533917230764956
path_len,domain_len,0.03513315469169508,0.03513315469169508
num_params,subdomain_spam_score,0.03506446330903014,0.03506446330903014
url_len,tld_len,0.035057170410291216,0.035057170410291216
num_hyphens,num_underscores,0.03480207925445312,0.03480207925445312
subdomain_parts,http_no_brand_no_age,-0.034755854487480996,0.034755854487480996
max_consonants,brand_in_domain,-0.03460655997196881,0.03460655997196881
num_hyphens,risky_tld,-0.034589370965977265,0.034589370965977265
path_len,num_at,0.0345351911180399,0.0345351911180399
max_consonants,max_digits,0.03430302798865386,0.03430302798865386
num_slashes,suspicious_port,0.03424894376721379,0.03424894376721379
suspicious_port,label,0.03422855292443857,0.03422855292443857
num_underscores,has_redirect,0.0340514105382418,0.0340514105382418
has_multi_subdomain,encoding_ratio,0.03403304870805031,0.03403304870805031
num_hyphens,puny,0.03376243168686723,0.03376243168686723
num_hyphens,tld_len,0.033582240023924737,0.033582240023924737
has_multi_subdomain,brand_mismatch,0.03342715408147606,0.03342715408147606
num_subdirs,label,0.03326399850033057,0.03326399850033057
num_slashes,brand_mismatch,-0.03288263554379033,0.03288263554379033
num_amp,subdomain_spam_score,0.032824885901846616,0.032824885901846616
num_frag,https_flag,0.032794444209673965,0.032794444209673965
num_hyphens,punycode_suspicious,0.03277785179688739,0.03277785179688739
https_flag,max_domain_digits,0.03274794603408231,0.03274794603408231
num_digits,tld_len,0.03271324139130837,0.03271324139130837
num_repeating,encoding_ratio,0.032546081594928986,0.032546081594928986
ratio_letters,max_consonants,0.03244396073701784,0.03244396073701784
ratio_digits,susp_ext,0.03207808838747838,0.03207808838747838
tld_len,max_digits,0.03202920275216066,0.03202920275216066
brand_mismatch,path_depth,-0.031822328489014326,0.031822328489014326
tld_len,max_vowels,0.031817207159948666,0.031817207159948666
https_flag,leet_brand_score,-0.0316715455803371,0.0316715455803371
url_len,shortened,-0.031606766701249615,0.031606766701249615
sus_words,leet_in_domain,0.03124607253832258,0.03124607253832258
max_vowels,leet_in_domain,-0.031238103771676705,0.031238103771676705
num_letters,tld_len,0.030976646173671993,0.030976646173671993
path_len,encoding_ratio,0.03097163544921724,0.03097163544921724
num_subdirs,susp_ext,0.03078476465556489,0.03078476465556489
max_domain_digits,abnormal_subdomain,0.030650877744510252,0.030650877744510252
num_special,subdomain_spam_score,0.03044787971518964,0.03044787971518964
num_letters,shortened,-0.03036374717890039,0.03036374717890039
num_repeating,has_multi_subdomain,0.030349405474178245,0.030349405474178245
num_frag,subdomain_spam_score,0.030262366896941027,0.030262366896941027
path_dots,has_redirect,0.029941683001143596,0.029941683001143596
ratio_digits,shortened,0.029731045930768987,0.029731045930768987
num_at,visual_brand_similarity,0.02947528968850818,0.02947528968850818
domain_len,leet_brand_score,0.029461542268711578,0.029461542268711578
num_at,subdomain_spam_score,0.029319457160046285,0.029319457160046285
num_slashes,leet_in_domain,-0.029096058936706116,0.029096058936706116
num_slashes,brand_in_domain,-0.028877807483316958,0.028877807483316958
punycode_suspicious,domain_len,0.028873742354086494,0.028873742354086494
subdomain_parts,risky_tld,0.028720442418065855,0.028720442418065855
num_frag,abnormal_subdomain,0.028329816185337014,0.028329816185337014
domain_len,path_depth,0.02809874708719567,0.02809874708719567
num_frag,subdomain_parts,0.02803498961682316,0.02803498961682316
num_subdirs,brand_hyphen_suspicious,-0.027913758453805674,0.027913758453805674
num_subdirs,max_consonants,0.027829561650002086,0.027829561650002086
visual_brand_similarity,has_redirect,0.027639177158701195,0.027639177158701195
https_flag,suspicious_port,-0.027281682155221167,0.027281682155221167
visual_brand_similarity,leet_brand_score,0.027237859180726017,0.027237859180726017
susp_ext,leet_speak_score,0.02719775583502656,0.02719775583502656
path_len,brand_hyphen_suspicious,-0.0270552260348817,0.0270552260348817
ratio_letters,tld_len,0.027023290675271584,0.027023290675271584
num_repeating,subdomain_spam_score,0.026949444326614686,0.026949444326614686
sus_words,max_consonants,-0.026865708331125726,0.026865708331125726
brand_in_domain,path_depth,-0.026830010854430486,0.026830010854430486
puny,domain_len,0.02670685661450139,0.02670685661450139
shortened,max_consonants,0.026570796704387504,0.026570796704387504
tld_len,leet_in_domain,0.026526601695397764,0.026526601695397764
path_dots,num_repeating,0.026386437731913244,0.026386437731913244
shortened,leet_speak_score,-0.026313782232415636,0.026313782232415636
susp_ext,domain_digit_ratio,0.026204335474075375,0.026204335474075375
path_len,num_percent,0.02615730729734804,0.02615730729734804
risky_tld,https_flag,-0.026148046027296607,0.026148046027296607
num_subdirs,num_frag,0.02611632208624402,0.02611632208624402
tld_len,sus_words,0.026084303440201524,0.026084303440201524
num_underscores,sus_words,0.026010079610458266,0.026010079610458266
max_domain_digits,http_no_brand_no_age,0.025903629715213566,0.025903629715213566
num_dots,max_domain_digits,0.025816088813014795,0.025816088813014795
num_percent,label,0.02580350780908849,0.02580350780908849
has_redirect,leet_brand_score,0.025777046748127204,0.025777046748127204
num_frag,path_depth,0.02576944733143004,0.02576944733143004
url_entropy,susp_ext,0.025653640851565306,0.025653640851565306
brand_mismatch,max_consonants,-0.025619731579321882,0.025619731579321882
double_slash_in_path,label,0.025618831055399992,0.025618831055399992
punycode_suspicious,max_domain_digits,0.025595580015318843,0.025595580015318843
max_vowels,max_domain_digits,-0.02554200334857608,0.02554200334857608
num_at,has_multi_subdomain,0.025532182662816132,0.025532182662816132
num_equal,domain_digit_ratio,-0.025494278940678634,0.025494278940678634
path_dots,subdomain_spam_score,0.025375471672765843,0.025375471672765843
shortened,leet_in_domain,-0.025370971455383945,0.025370971455383945
num_percent,num_slashes,0.025192120862759973,0.025192120862759973
brand_in_domain,domain_digit_ratio,-0.02514781972046478,0.02514781972046478
num_at,https_flag,-0.025093728476326415,0.025093728476326415
num_underscores,leet_speak_score,-0.025057906514601602,0.025057906514601602
shortened,http_no_brand_no_age,-0.025052798472024573,0.025052798472024573
num_subdirs,leet_in_domain,-0.024919834708275215,0.024919834708275215
tld_len,suspicious_port,-0.024696976237742228,0.024696976237742228
num_equal,shortened,-0.02468112545502736,0.02468112545502736
num_frag,leet_speak_score,0.02451672597288916,0.02451672597288916
num_params,shortened,-0.02449702249317814,0.02449702249317814
num_qmark,shortened,-0.02446420768281233,0.02446420768281233
path_depth,double_slash_in_path,0.024456725120949624,0.024456725120949624
num_slashes,domain_len,0.024444303160410207,0.024444303160410207
path_dots,brand_mismatch,-0.02435101759544847,0.02435101759544847
puny,max_domain_digits,0.024321806990799437,0.024321806990799437
encoding_ratio,subdomain_spam_score,0.024305378880658975,0.024305378880658975
max_vowels,leet_speak_score,-0.024191405585167965,0.024191405585167965
susp_ext,max_digits,0.024187910346670033,0.024187910346670033
tld_len,max_consonants,-0.02412505149821544,0.02412505149821544
num_params,domain_digit_ratio,-0.0239832793137243,0.0239832793137243
shortened,domain_digit_ratio,-0.023886745176567657,0.023886745176567657
path_dots,brand_in_domain,-0.023833867195491115,0.023833867195491115
num_digits,brand_in_domain,-0.023777581449229358,0.023777581449229358
leet_speak_score,leet_brand_score,0.02376634030641109,0.02376634030641109
brand_mismatch,domain_digit_ratio,-0.023672465692786714,0.023672465692786714
max_consonants,has_redirect,0.023500648803248377,0.023500648803248377
punycode_suspicious,domain_digit_ratio,0.02345212131534578,0.02345212131534578
num_underscores,shortened,-0.02324291318274541,0.02324291318274541
num_underscores,brand_mismatch,-0.023045163078562938,0.023045163078562938
num_underscores,domain_digit_ratio,-0.022989785947041444,0.022989785947041444
tld_len,domain_digit_ratio,0.022971124882485663,0.022971124882485663
url_entropy,brand_in_domain,-0.022897546570741636,0.022897546570741636
path_dots,num_frag,0.022853016810841672,0.022853016810841672
shortened,sus_words,-0.02279450738377983,0.02279450738377983
shortened,max_digits,-0.02276398877151728,0.02276398877151728
num_at,ratio_digits,0.022759185296410647,0.022759185296410647
subdomain_parts,brand_mismatch,0.022735535133360463,0.022735535133360463
url_entropy,leet_in_domain,0.022675598906060097,0.022675598906060097
susp_ext,max_consonants,-0.022623551553825037,0.022623551553825037
num_equal,susp_ext,-0.02261414151983307,0.02261414151983307
num_underscores,has_multi_subdomain,0.022548886208438538,0.022548886208438538
num_hyphens,has_redirect,0.022508306611228556,0.022508306611228556
num_underscores,max_domain_digits,-0.022201561311601305,0.022201561311601305
num_params,susp_ext,-0.022162399251669913,0.022162399251669913
num_dots,suspicious_port,0.02215438440899527,0.02215438440899527
https_flag,has_redirect,-0.022121618443952093,0.022121618443952093
ratio_digits,risky_tld,-0.02211979804627479,0.02211979804627479
puny,domain_digit_ratio,0.022035311461092395,0.022035311461092395
path_dots,domain_digit_ratio,0.021968394721330494,0.021968394721330494
max_consonants,visual_brand_similarity,0.021927334475595694,0.021927334475595694
num_non_ascii,susp_ext,0.021871101834315468,0.021871101834315468
susp_ext,homoglyph_suspicious,0.02184872511195623,0.02184872511195623
encoding_ratio,has_redirect,0.02180698460931322,0.02180698460931322
leet_in_domain,abnormal_subdomain,-0.021595098251065117,0.021595098251065117
num_underscores,brand_in_domain,-0.021543999608674976,0.021543999608674976
num_qmark,susp_ext,-0.021512949145236198,0.021512949145236198
max_vowels,brand_hyphen_suspicious,-0.021512298163170053,0.021512298163170053
risky_tld,shortened,-0.02143528314653574,0.02143528314653574
shortened,max_domain_digits,-0.021356134830831795,0.021356134830831795
num_dots,leet_brand_score,-0.02131117060011703,0.02131117060011703
path_dots,num_percent,0.021273141436193303,0.021273141436193303
num_letters,domain_digit_ratio,-0.021265501464240884,0.021265501464240884
max_vowels,visual_brand_similarity,0.021207307866309793,0.021207307866309793
num_dots,double_slash_in_path,0.02120421707487586,0.02120421707487586
num_params,leet_speak_score,-0.020918179474705013,0.020918179474705013
url_len,abnormal_subdomain,0.0205961062298063,0.0205961062298063
num_equal,max_domain_digits,-0.020531225183532908,0.020531225183532908
visual_brand_similarity,leet_in_domain,0.020524356653919933,0.020524356653919933
max_vowels,label,0.020446869579844214,0.020446869579844214
num_slashes,max_consonants,0.020446531892999553,0.020446531892999553
susp_ext,max_domain_digits,0.020433650234387424,0.020433650234387424
domain_len,label,-0.020369436503664472,0.020369436503664472
path_len,double_slash_in_path,0.020243969332148434,0.020243969332148434
leet_in_domain,domain_len,0.02024243484398943,0.02024243484398943
tld_len,leet_speak_score,0.020206085746549477,0.020206085746549477
max_vowels,brand_in_domain,-0.020038347576241518,0.020038347576241518
num_at,tld_len,0.020035341434612507,0.020035341434612507
num_special,https_flag,-0.019882653285800998,0.019882653285800998
num_amp,domain_digit_ratio,-0.01984258073627476,0.01984258073627476
num_at,max_vowels,0.019789051441875042,0.019789051441875042
ratio_letters,punycode_suspicious,-0.019610585863072613,0.019610585863072613
ratio_letters,puny,-0.019600209806613676,0.019600209806613676
max_digits,domain_len,-0.019539260191218415,0.019539260191218415
ratio_letters,subdomain_spam_score,-0.01949550616381993,0.01949550616381993
brand_in_domain,leet_in_domain,-0.01947635444737436,0.01947635444737436
leet_speak_score,brand_hyphen_suspicious,-0.01944627285346796,0.01944627285346796
path_len,leet_brand_score,-0.01940173064052756,0.01940173064052756
max_vowels,has_redirect,0.01934017714715176,0.01934017714715176
num_digits,brand_hyphen_suspicious,-0.019308567840893843,0.019308567840893843
num_frag,num_special,0.019189830139036048,0.019189830139036048
sus_words,subdomain_spam_score,0.01908035840365501,0.01908035840365501
num_underscores,brand_hyphen_suspicious,-0.019051262674665715,0.019051262674665715
num_equal,risky_tld,-0.018888119868652863,0.018888119868652863
https_flag,encoding_ratio,-0.018871618382627155,0.018871618382627155
ratio_letters,has_multi_subdomain,-0.018524163836141555,0.018524163836141555
num_underscores,abnormal_subdomain,-0.01836170005361309,0.01836170005361309
domain_len,has_redirect,0.01829907520452411,0.01829907520452411
num_params,max_domain_digits,-0.01821062145826204,0.01821062145826204
max_digits,has_redirect,0.018147293772083087,0.018147293772083087
max_digits,label,0.018139845472743107,0.018139845472743107
abnormal_subdomain,http_no_brand_no_age,-0.01806957896196718,0.01806957896196718
subdomain_parts,leet_brand_score,-0.01805065397120799,0.01805065397120799
num_digits,brand_mismatch,-0.017992186193315985,0.017992186193315985
has_multi_subdomain,tld_len,0.01782633473850062,0.01782633473850062
num_subdirs,leet_brand_score,-0.01776911443945373,0.01776911443945373
num_hyphens,sus_words,0.01775974518659396,0.01775974518659396
url_entropy,puny,0.017687160345507484,0.017687160345507484
num_equal,brand_in_domain,-0.017641651998943676,0.017641651998943676
num_letters,max_domain_digits,-0.01755959749387044,0.01755959749387044
leet_in_domain,brand_hyphen_suspicious,-0.01751501639726806,0.01751501639726806
brand_hyphen_suspicious,domain_digit_ratio,-0.0174781705279108,0.0174781705279108
num_frag,visual_brand_similarity,0.01747039443253857,0.01747039443253857
num_qmark,has_multi_subdomain,0.01745340700753616,0.01745340700753616
num_equal,leet_speak_score,-0.01740595506475811,0.01740595506475811
has_multi_subdomain,shortened,-0.017313800933640093,0.017313800933640093
num_params,risky_tld,-0.017311829897661633,0.017311829897661633
num_params,brand_in_domain,-0.01729281267065238,0.01729281267065238
brand_in_domain,max_domain_digits,-0.017200798920747554,0.017200798920747554
shortened,subdomain_spam_score,-0.01717009454781246,0.01717009454781246
num_params,tld_len,0.016914454617903633,0.016914454617903633
url_entropy,punycode_suspicious,0.016851043588648088,0.016851043588648088
num_qmark,subdomain_spam_score,0.016828169936730905,0.016828169936730905
num_params,abnormal_subdomain,-0.016819004165161616,0.016819004165161616
num_equal,tld_len,0.01671411078704719,0.01671411078704719
num_at,ratio_letters,-0.01662833950877678,0.01662833950877678
num_repeating,https_flag,0.01660252771259049,0.01660252771259049
suspicious_port,domain_len,0.016544310754458412,0.016544310754458412
shortened,brand_mismatch,-0.016468691091819684,0.016468691091819684
path_dots,brand_hyphen_suspicious,-0.01642061371522122,0.01642061371522122
num_hyphens,subdomain_spam_score,0.016353796021216657,0.016353796021216657
num_dots,leet_in_domain,0.016333607264520638,0.016333607264520638
num_qmark,abnormal_subdomain,-0.016291566396775967,0.016291566396775967
brand_mismatch,max_vowels,-0.016258983163403726,0.016258983163403726
num_digits,shortened,-0.01618724636339793,0.01618724636339793
num_amp,shortened,-0.016140389564338616,0.016140389564338616
num_letters,leet_in_domain,-0.015911227444318464,0.015911227444318464
path_dots,encoding_ratio,0.01586426350212073,0.01586426350212073
has_multi_subdomain,leet_in_domain,-0.015860213731360373,0.015860213731360373
brand_mismatch,leet_in_domain,-0.01572854533471933,0.01572854533471933
shortened,visual_brand_similarity,-0.015715853448214134,0.015715853448214134
num_amp,leet_speak_score,-0.015580504644828472,0.015580504644828472
num_at,domain_len,0.015527641357682509,0.015527641357682509
subdomain_parts,visual_brand_similarity,-0.015517212245693598,0.015517212245693598
ratio_digits,sus_words,-0.01551374354883029,0.01551374354883029
num_hyphens,susp_ext,-0.015465701965883804,0.015465701965883804
leet_speak_score,brand_in_domain,-0.015394122225298202,0.015394122225298202
num_hyphens,domain_digit_ratio,-0.015180453323477946,0.015180453323477946
num_equal,leet_in_domain,-0.015088269462889084,0.015088269462889084
https_flag,puny,0.0150800851604304,0.0150800851604304
num_special,shortened,-0.015024988771126544,0.015024988771126544
subdomain_parts,sus_words,-0.015012935741311677,0.015012935741311677
num_amp,max_domain_digits,-0.014979806295186835,0.014979806295186835
num_qmark,leet_speak_score,-0.014958100813722263,0.014958100813722263
num_special,brand_in_domain,-0.014954162194083187,0.014954162194083187
num_non_ascii,url_entropy,0.014906062773128136,0.014906062773128136
path_dots,leet_brand_score,-0.014786098839088001,0.014786098839088001
shortened,brand_in_domain,-0.014776726983603864,0.014776726983603864
num_at,punycode_suspicious,0.014739569801275597,0.014739569801275597
num_amp,susp_ext,-0.014724936791179614,0.014724936791179614
num_at,leet_speak_score,0.014639178625098061,0.014639178625098061
num_digits,suspicious_port,0.014609294100654016,0.014609294100654016
num_amp,brand_in_domain,-0.0145897732894931,0.0145897732894931
max_consonants,domain_digit_ratio,0.014549234520243535,0.014549234520243535
num_at,abnormal_subdomain,0.014511429798227912,0.014511429798227912
risky_tld,max_vowels,-0.014488324066656599,0.014488324066656599
num_hyphens,num_qmark,0.014373227155269308,0.014373227155269308
brand_hyphen_suspicious,max_domain_digits,-0.014339161872625803,0.014339161872625803
num_percent,domain_len,-0.014319929003587948,0.014319929003587948
num_qmark,domain_digit_ratio,-0.014304445013936495,0.014304445013936495
path_len,susp_ext,0.014300778670651233,0.014300778670651233
subdomain_spam_score,http_no_brand_no_age,0.01418584836173851,0.01418584836173851
num_slashes,encoding_ratio,0.014181078507483359,0.014181078507483359
has_multi_subdomain,max_domain_digits,-0.014139371818821321,0.014139371818821321
num_params,brand_mismatch,-0.014133019648623447,0.014133019648623447
https_flag,punycode_suspicious,0.014068776016284706,0.014068776016284706
url_len,brand_in_domain,-0.01406464607902013,0.01406464607902013
num_amp,https_flag,0.013983186784079381,0.013983186784079381
num_amp,risky_tld,-0.013900324731717238,0.013900324731717238
num_underscores,leet_in_domain,-0.013874705855005286,0.013874705855005286
num_underscores,subdomain_spam_score,0.013842697338022472,0.013842697338022472
puny,label,0.013823990233059837,0.013823990233059837
num_percent,https_flag,-0.013803692067379403,0.013803692067379403
subdomain_parts,encoding_ratio,0.013735446142473883,0.013735446142473883
brand_mismatch,max_domain_digits,-0.013734841161542041,0.013734841161542041
num_equal,brand_hyphen_suspicious,-0.013734361193832454,0.013734361193832454
subdomain_spam_score,max_domain_digits,-0.013590876650665657,0.013590876650665657
num_hyphens,encoding_ratio,0.013541026931014562,0.013541026931014562
num_at,puny,0.013503426727880683,0.013503426727880683
num_equal,brand_mismatch,-0.01336113632740892,0.01336113632740892
num_hyphens,has_multi_subdomain,0.013356326713274238,0.013356326713274238
subdomain_spam_score,leet_in_domain,-0.013316049722151592,0.013316049722151592
num_qmark,tld_len,0.013313324630651338,0.013313324630651338
num_params,leet_in_domain,-0.013293221095120189,0.013293221095120189
num_params,brand_hyphen_suspicious,-0.013107487617569087,0.013107487617569087
url_entropy,double_slash_in_path,0.01309696307070774,0.01309696307070774
subdomain_parts,has_redirect,0.013058574087482564,0.013058574087482564
num_hyphens,brand_hyphen_suspicious,0.012957663764599335,0.012957663764599335
num_at,num_non_ascii,0.012931908405696595,0.012931908405696595
shortened,abnormal_subdomain,-0.012904304790561994,0.012904304790561994
num_slashes,brand_hyphen_suspicious,-0.01287428095360979,0.01287428095360979
risky_tld,abnormal_subdomain,-0.012866596614873162,0.012866596614873162
ratio_digits,http_no_brand_no_age,-0.012861617890342455,0.012861617890342455
punycode_suspicious,label,0.012790898395315388,0.012790898395315388
num_at,susp_ext,0.012735540545685714,0.012735540545685714
num_amp,leet_in_domain,-0.01269852581326407,0.01269852581326407
visual_brand_similarity,abnormal_subdomain,-0.012664009110978893,0.012664009110978893
path_len,has_multi_subdomain,-0.012650409319696297,0.012650409319696297
num_repeating,leet_speak_score,0.012582873677077963,0.012582873677077963
num_slashes,leet_brand_score,-0.012570345411009246,0.012570345411009246
num_percent,risky_tld,-0.012567311121930337,0.012567311121930337
puny,encoding_ratio,0.012532538223381432,0.012532538223381432
url_entropy,brand_mismatch,-0.012503713653853889,0.012503713653853889
url_len,leet_speak_score,0.012464591451277502,0.012464591451277502
num_amp,tld_len,0.012446329749386729,0.012446329749386729
num_percent,path_depth,0.012381808301766052,0.012381808301766052
subdomain_spam_score,has_redirect,0.012340622397288918,0.012340622397288918
num_frag,domain_digit_ratio,0.01228693312428843,0.01228693312428843
num_hyphens,max_consonants,0.012166795190179382,0.012166795190179382
sus_words,domain_digit_ratio,-0.012142831853476447,0.012142831853476447
num_repeating,visual_brand_similarity,0.012124944716300374,0.012124944716300374
path_dots,suspicious_port,0.01196866269710806,0.01196866269710806
risky_tld,encoding_ratio,-0.01189909559211311,0.01189909559211311
path_dots,leet_in_domain,0.011875072997898495,0.011875072997898495
tld_len,label,-0.011853367338262344,0.011853367338262344
has_multi_subdomain,visual_brand_similarity,-0.011754045009623864,0.011754045009623864
domain_digit_ratio,http_no_brand_no_age,0.011716282754200762,0.011716282754200762
has_multi_subdomain,brand_hyphen_suspicious,-0.011674219156829924,0.011674219156829924
https_flag,subdomain_spam_score,0.011592765029307934,0.011592765029307934
sus_words,susp_ext,-0.011590219320056173,0.011590219320056173
num_amp,brand_hyphen_suspicious,-0.01158060398616564,0.01158060398616564
path_len,num_frag,0.011573446765452026,0.011573446765452026
num_underscores,http_no_brand_no_age,0.01151355894977336,0.01151355894977336
ratio_digits,punycode_suspicious,0.011495763466857713,0.011495763466857713
path_depth,leet_brand_score,-0.011387095126446083,0.011387095126446083
path_len,puny,-0.01130669134888383,0.01130669134888383
url_len,suspicious_port,0.01128563579595112,0.01128563579595112
num_special,susp_ext,-0.011251191198670105,0.011251191198670105
susp_ext,visual_brand_similarity,-0.011221226000335266,0.011221226000335266
brand_mismatch,leet_speak_score,-0.011216877373725813,0.011216877373725813
num_frag,brand_in_domain,0.011207891957995545,0.011207891957995545
max_vowels,leet_brand_score,-0.011198496415635459,0.011198496415635459
num_underscores,leet_brand_score,-0.011149908505859906,0.011149908505859906
num_underscores,ratio_letters,-0.01110271428517987,0.01110271428517987
num_frag,leet_in_domain,0.011092601673162903,0.011092601673162903
num_digits,double_slash_in_path,0.011088963942437241,0.011088963942437241
encoding_ratio,path_depth,0.01098025462061801,0.01098025462061801
brand_hyphen_suspicious,path_depth,-0.010966075210191516,0.010966075210191516
encoding_ratio,domain_len,-0.010916395744672758,0.010916395744672758
num_repeating,abnormal_subdomain,0.010887193814571008,0.010887193814571008
num_qmark,max_domain_digits,-0.01083104319122064,0.01083104319122064
num_letters,ratio_letters,0.010798895997567209,0.010798895997567209
url_entropy,homoglyph_suspicious,0.010793374894406585,0.010793374894406585
num_qmark,brand_mismatch,-0.010778173392596698,0.010778173392596698
num_special,risky_tld,-0.010731116757466467,0.010731116757466467
ratio_digits,puny,0.010724552900219045,0.010724552900219045
num_amp,abnormal_subdomain,-0.010696625086440599,0.010696625086440599
num_digits,domain_len,0.010656704398479891,0.010656704398479891
num_letters,leet_speak_score,-0.01062489663936585,0.01062489663936585
num_qmark,brand_in_domain,-0.010610037081898454,0.010610037081898454
sus_words,leet_speak_score,-0.010551784577989413,0.010551784577989413
num_amp,brand_mismatch,-0.010536104090082349,0.010536104090082349
url_len,double_slash_in_path,0.010488457811280594,0.010488457811280594
https_flag,leet_in_domain,0.010468937380225026,0.010468937380225026
path_len,punycode_suspicious,-0.010439884910799646,0.010439884910799646
url_len,risky_tld,-0.010416785910300373,0.010416785910300373
num_at,homoglyph_suspicious,0.010236100754829782,0.010236100754829782
num_special,brand_hyphen_suspicious,-0.010192524952484319,0.010192524952484319
num_at,risky_tld,0.010179309855289502,0.010179309855289502
num_frag,brand_mismatch,0.010134193587442102,0.010134193587442102
num_special,brand_mismatch,-0.010089270742784807,0.010089270742784807
num_params,domain_len,0.009949577111662701,0.009949577111662701
num_letters,brand_in_domain,-0.00992376406648685,0.00992376406648685
num_frag,sus_words,0.009897848879691112,0.009897848879691112
num_at,brand_in_domain,-0.009886800564878609,0.009886800564878609
num_digits,risky_tld,-0.00971218398603357,0.00971218398603357
max_digits,http_no_brand_no_age,-0.009700076125838172,0.009700076125838172
puny,path_depth,-0.009692028766026923,0.009692028766026923
sus_words,max_digits,-0.009667027946234003,0.009667027946234003
num_equal,abnormal_subdomain,-0.00965396111690989,0.00965396111690989
domain_len,double_slash_in_path,0.00941255456180273,0.00941255456180273
susp_ext,max_vowels,-0.009404860470241682,0.009404860470241682
url_len,brand_hyphen_suspicious,-0.009402657997760066,0.009402657997760066
brand_hyphen_suspicious,abnormal_subdomain,-0.00934498685328267,0.00934498685328267
num_amp,domain_len,0.009317418340088772,0.009317418340088772
num_hyphens,num_at,-0.009298536195258321,0.009298536195258321
num_at,double_slash_in_path,0.009290949802606682,0.009290949802606682
path_depth,has_redirect,0.009274118543981778,0.009274118543981778
ratio_digits,leet_brand_score,-0.00927034661676139,0.00927034661676139
num_slashes,subdomain_spam_score,0.009232146799297177,0.009232146799297177
num_special,domain_digit_ratio,-0.009174849724947046,0.009174849724947046
num_slashes,puny,-0.009095266752143486,0.009095266752143486
num_letters,double_slash_in_path,0.009049969985110786,0.009049969985110786
shortened,susp_ext,-0.00902199331021435,0.00902199331021435
subdomain_spam_score,brand_hyphen_suspicious,-0.008846700506430171,0.008846700506430171
brand_mismatch,susp_ext,-0.008815242087103463,0.008815242087103463
shortened,brand_hyphen_suspicious,-0.008782586026232355,0.008782586026232355
num_digits,leet_brand_score,-0.008777462008167888,0.008777462008167888
max_digits,leet_brand_score,-0.008687977460827506,0.008687977460827506
num_params,leet_brand_score,-0.008636015843683563,0.008636015843683563
punycode_suspicious,path_depth,-0.008596698527298633,0.008596698527298633
leet_speak_score,visual_brand_similarity,-0.008500045407841453,0.008500045407841453
num_equal,leet_brand_score,-0.008482974093182558,0.008482974093182558
num_repeating,shortened,-0.008474801473213578,0.008474801473213578
num_qmark,brand_hyphen_suspicious,-0.00847305183139008,0.00847305183139008
num_letters,suspicious_port,0.008460342696552176,0.008460342696552176
num_subdirs,has_multi_subdomain,-0.008451918489271109,0.008451918489271109
num_repeating,brand_in_domain,-0.008419613210741143,0.008419613210741143
encoding_ratio,http_no_brand_no_age,-0.00829454837159434,0.00829454837159434
visual_brand_similarity,double_slash_in_path,0.008155625581527801,0.008155625581527801
subdomain_parts,path_depth,-0.008042630627576293,0.008042630627576293
tld_len,brand_in_domain,0.008001104559135138,0.008001104559135138
num_repeating,brand_mismatch,-0.007990725893643169,0.007990725893643169
num_slashes,punycode_suspicious,-0.007980462007567631,0.007980462007567631
leet_speak_score,has_redirect,-0.00796048398164463,0.00796048398164463
ratio_letters,leet_brand_score,0.00792682548499656,0.00792682548499656
num_amp,leet_brand_score,-0.007904988234322,0.007904988234322
num_at,brand_mismatch,-0.007887548788130479,0.007887548788130479
max_consonants,leet_brand_score,-0.007852248902109442,0.007852248902109442
url_entropy,brand_hyphen_suspicious,-0.007838026955566506,0.007838026955566506
subdomain_parts,susp_ext,0.007730255046956946,0.007730255046956946
num_dots,brand_mismatch,-0.0077137329632824886,0.0077137329632824886
num_dots,domain_len,-0.007694949198758061,0.007694949198758061
num_qmark,suspicious_port,-0.0076598492877371326,0.0076598492877371326
url_len,leet_brand_score,-0.007619406590463184,0.007619406590463184
num_at,subdomain_parts,-0.007592822189989863,0.007592822189989863
num_percent,sus_words,0.007530799785438377,0.007530799785438377
url_len,brand_mismatch,-0.0075187765963151505,0.0075187765963151505
ratio_digits,https_flag,-0.007463608490964897,0.007463608490964897
num_letters,risky_tld,-0.0073406927693579534,0.0073406927693579534
num_qmark,domain_len,0.007306233791512706,0.007306233791512706
subdomain_spam_score,domain_digit_ratio,-0.007302282703678368,0.007302282703678368
num_special,tld_len,0.007289424612821192,0.007289424612821192
num_at,max_consonants,0.0072779564449774485,0.0072779564449774485
num_params,suspicious_port,-0.007256892910206394,0.007256892910206394
num_frag,double_slash_in_path,0.007238831624506738,0.007238831624506738
url_len,leet_in_domain,-0.007211712494788745,0.007211712494788745
susp_ext,brand_hyphen_suspicious,-0.007147047942024914,0.007147047942024914
sus_words,suspicious_port,-0.007143445892029035,0.007143445892029035
susp_ext,brand_in_domain,-0.006936986626441289,0.006936986626441289
subdomain_spam_score,visual_brand_similarity,-0.006910561959670165,0.006910561959670165
domain_digit_ratio,has_redirect,-0.006878577500732575,0.006878577500732575
num_hyphens,leet_speak_score,0.006832729008024111,0.006832729008024111
max_consonants,http_no_brand_no_age,-0.0068225825722813506,0.0068225825722813506
tld_len,double_slash_in_path,-0.006799073318264732,0.006799073318264732
url_len,domain_digit_ratio,-0.006768918653504033,0.006768918653504033
max_consonants,double_slash_in_path,0.006616943034864413,0.006616943034864413
tld_len,encoding_ratio,-0.006597737970976869,0.006597737970976869
sus_words,max_domain_digits,-0.006572282013310603,0.006572282013310603
encoding_ratio,abnormal_subdomain,-0.006547472201334846,0.006547472201334846
abnormal_subdomain,leet_brand_score,-0.006544952566117167,0.006544952566117167
num_percent,shortened,-0.006527714620873549,0.006527714620873549
num_repeating,has_redirect,0.006483278953675671,0.006483278953675671
num_qmark,risky_tld,-0.006481177566402571,0.006481177566402571
num_repeating,domain_len,0.006447968153189425,0.006447968153189425
num_repeating,brand_hyphen_suspicious,-0.006423029394347425,0.006423029394347425
num_underscores,puny,-0.006418283486497429,0.006418283486497429
url_len,max_domain_digits,-0.006365877047473371,0.006365877047473371
suspicious_port,max_vowels,0.006330194829309442,0.006330194829309442
susp_ext,suspicious_port,0.006316026504185964,0.006316026504185964
ratio_letters,homoglyph_suspicious,-0.006293179533747326,0.006293179533747326
num_letters,leet_brand_score,-0.0062767931282936736,0.0062767931282936736
max_vowels,http_no_brand_no_age,-0.00623402136123777,0.00623402136123777
sus_words,max_vowels,-0.006222919088423412,0.006222919088423412
num_percent,brand_mismatch,-0.006216412899460074,0.006216412899460074
num_letters,brand_hyphen_suspicious,-0.006190366207184398,0.006190366207184398
num_special,suspicious_port,-0.0061884681304567295,0.0061884681304567295
num_underscores,tld_len,0.006184365440298738,0.006184365440298738
num_underscores,punycode_suspicious,-0.006180118517672623,0.006180118517672623
num_frag,risky_tld,-0.0061629969313328975,0.0061629969313328975
homoglyph_suspicious,domain_digit_ratio,0.006128589643966341,0.006128589643966341
max_domain_digits,has_redirect,-0.006104239304290253,0.006104239304290253
subdomain_parts,leet_in_domain,0.006055620267051691,0.006055620267051691
num_underscores,suspicious_port,-0.006035262532797352,0.006035262532797352
path_dots,max_domain_digits,-0.006026989674386329,0.006026989674386329
num_repeating,puny,0.006016997354871252,0.006016997354871252
path_dots,subdomain_parts,-0.006008197484782942,0.006008197484782942
susp_ext,domain_len,0.006002875140693763,0.006002875140693763
num_equal,domain_len,0.005960816518607908,0.005960816518607908
shortened,encoding_ratio,-0.005941142588955554,0.005941142588955554
susp_ext,http_no_brand_no_age,0.00593640241538123,0.00593640241538123
subdomain_spam_score,double_slash_in_path,0.005815272387144358,0.005815272387144358
num_frag,has_redirect,0.005811472043453389,0.005811472043453389
num_hyphens,http_no_brand_no_age,-0.005808058143977508,0.005808058143977508
suspicious_port,visual_brand_similarity,-0.005762291848269867,0.005762291848269867
has_multi_subdomain,susp_ext,-0.005739831113456372,0.005739831113456372
brand_mismatch,encoding_ratio,-0.005714392452807362,0.005714392452807362
encoding_ratio,double_slash_in_path,0.005699030106446704,0.005699030106446704
has_multi_subdomain,path_depth,-0.005663002002942502,0.005663002002942502
has_multi_subdomain,suspicious_port,-0.005628722395191374,0.005628722395191374
path_dots,punycode_suspicious,0.005574197254187136,0.005574197254187136
path_dots,puny,0.005528934949137333,0.005528934949137333
num_qmark,homoglyph_suspicious,0.005503372770748979,0.005503372770748979
sus_words,puny,-0.005494174424220123,0.005494174424220123
num_special,leet_speak_score,-0.005488352179111837,0.005488352179111837
brand_in_domain,abnormal_subdomain,-0.005435073862041084,0.005435073862041084
risky_tld,susp_ext,0.005432602242879257,0.005432602242879257
num_percent,brand_in_domain,-0.0054181270876603686,0.0054181270876603686
subdomain_spam_score,path_depth,0.005386471672857965,0.005386471672857965
num_qmark,num_non_ascii,0.0053110951294138955,0.0053110951294138955
tld_len,brand_hyphen_suspicious,0.005299814565466196,0.005299814565466196
sus_words,punycode_suspicious,-0.005233070570803282,0.005233070570803282
max_vowels,double_slash_in_path,0.0052312750589011865,0.0052312750589011865
num_frag,max_domain_digits,0.00517259823618174,0.00517259823618174
encoding_ratio,brand_in_domain,-0.005157825003262669,0.005157825003262669
num_repeating,http_no_brand_no_age,0.005145921434409661,0.005145921434409661
num_percent,brand_hyphen_suspicious,-0.005140444689702142,0.005140444689702142
num_qmark,leet_brand_score,-0.005095241991265466,0.005095241991265466
path_len,has_redirect,-0.0050911024293967535,0.0050911024293967535
has_multi_subdomain,has_redirect,0.0050659478652432775,0.0050659478652432775
puny,max_vowels,0.005064626726893451,0.005064626726893451
num_hyphens,leet_brand_score,-0.0050329326247810224,0.0050329326247810224
num_special,leet_in_domain,0.005017888493854084,0.005017888493854084
puny,http_no_brand_no_age,-0.005015652244074945,0.005015652244074945
num_at,brand_hyphen_suspicious,-0.004982025997147169,0.004982025997147169
puny,max_consonants,0.0049703721675208,0.0049703721675208
susp_ext,double_slash_in_path,0.004963044130818731,0.004963044130818731
num_repeating,punycode_suspicious,0.004943205628709576,0.004943205628709576
puny,abnormal_subdomain,0.004926341330936765,0.004926341330936765
punycode_suspicious,abnormal_subdomain,0.004913416102257813,0.004913416102257813
shortened,leet_brand_score,-0.004905602556642781,0.004905602556642781
num_equal,suspicious_port,-0.004904783670761206,0.004904783670761206
suspicious_port,max_domain_digits,-0.004903164996289179,0.004903164996289179
num_percent,leet_speak_score,0.0048781742064696295,0.0048781742064696295
num_special,max_domain_digits,-0.004873872933485719,0.004873872933485719
num_underscores,susp_ext,-0.004858111354731467,0.004858111354731467
max_consonants,punycode_suspicious,0.004842743598230874,0.004842743598230874
num_non_ascii,domain_digit_ratio,0.004797179503246112,0.004797179503246112
max_vowels,punycode_suspicious,0.004796322080555031,0.004796322080555031
num_params,punycode_suspicious,-0.004790913926035153,0.004790913926035153
suspicious_port,leet_speak_score,0.004767782112662715,0.004767782112662715
num_equal,punycode_suspicious,-0.0047642478479920656,0.0047642478479920656
num_subdirs,encoding_ratio,0.004752280851985181,0.004752280851985181
encoding_ratio,brand_hyphen_suspicious,-0.004706457814106053,0.004706457814106053
shortened,has_redirect,-0.004683016895960798,0.004683016895960798
num_dots,homoglyph_suspicious,0.004661604649046648,0.004661604649046648
num_underscores,num_frag,0.004653799838031654,0.004653799838031654
num_percent,num_subdirs,0.004652743438027727,0.004652743438027727
homoglyph_suspicious,domain_len,-0.004631684354847132,0.004631684354847132
num_subdirs,puny,-0.004623538434290735,0.004623538434290735
has_redirect,abnormal_subdomain,-0.004607265943254674,0.004607265943254674
susp_ext,has_redirect,-0.004601170517609063,0.004601170517609063
punycode_suspicious,http_no_brand_no_age,-0.004589718338833899,0.004589718338833899
num_repeating,tld_len,0.004562650698391655,0.004562650698391655
num_params,https_flag,-0.0045407448266731815,0.0045407448266731815
suspicious_port,brand_in_domain,-0.004537886008492156,0.004537886008492156
path_dots,homoglyph_suspicious,0.004493641745349196,0.004493641745349196
num_frag,domain_len,-0.004448589759087013,0.004448589759087013
tld_len,has_redirect,0.004444185203940092,0.004444185203940092
num_non_ascii,max_digits,0.004443618538700144,0.004443618538700144
num_non_ascii,ratio_letters,-0.004419399783811413,0.004419399783811413
has_multi_subdomain,brand_in_domain,-0.0044006645120700395,0.0044006645120700395
num_percent,max_domain_digits,-0.00438688802780534,0.00438688802780534
num_dots,num_non_ascii,0.0043573115053528065,0.0043573115053528065
num_letters,susp_ext,-0.004345998524943473,0.004345998524943473
num_special,puny,-0.004342891812770375,0.004342891812770375
suspicious_port,domain_digit_ratio,-0.00427545079647909,0.00427545079647909
brand_mismatch,puny,-0.004230367242594597,0.004230367242594597
num_qmark,double_slash_in_path,0.004226161111653734,0.004226161111653734
num_special,punycode_suspicious,-0.004193930950679991,0.004193930950679991
num_non_ascii,leet_in_domain,0.004181669841688526,0.004181669841688526
num_non_ascii,subdomain_parts,0.004156981493385513,0.004156981493385513
shortened,suspicious_port,-0.00415403544091554,0.00415403544091554
num_non_ascii,leet_speak_score,0.00414410530822549,0.00414410530822549
susp_ext,abnormal_subdomain,0.00413640441480473,0.00413640441480473
num_frag,susp_ext,-0.004134561613442775,0.004134561613442775
num_amp,punycode_suspicious,-0.004110068091950342,0.004110068091950342
brand_mismatch,punycode_suspicious,-0.004085265964786281,0.004085265964786281
num_non_ascii,subdomain_spam_score,0.00407572459641128,0.00407572459641128
suspicious_port,leet_in_domain,-0.004073693859291138,0.004073693859291138
num_non_ascii,https_flag,-0.004060963981345926,0.004060963981345926
tld_len,brand_mismatch,0.004042100688035616,0.004042100688035616
num_frag,brand_hyphen_suspicious,-0.004024847037927622,0.004024847037927622
num_at,leet_brand_score,-0.004019717082418593,0.004019717082418593
num_percent,susp_ext,-0.003992407145691542,0.003992407145691542
num_equal,https_flag,0.0039776589181593405,0.0039776589181593405
num_equal,double_slash_in_path,0.0039486932582197,0.0039486932582197
has_multi_subdomain,domain_digit_ratio,-0.003916937288853674,0.003916937288853674
sus_words,encoding_ratio,-0.003885297621162719,0.003885297621162719
path_len,num_non_ascii,0.00388051515604813,0.00388051515604813
risky_tld,puny,-0.00386120737569846,0.00386120737569846
ratio_digits,has_redirect,0.0038359043263862143,0.0038359043263862143
num_letters,brand_mismatch,-0.0038306121362141014,0.0038306121362141014
homoglyph_suspicious,label,0.0038000021280017544,0.0038000021280017544
puny,brand_in_domain,-0.003795746816530746,0.003795746816530746
num_repeating,risky_tld,0.003790193638900802,0.003790193638900802
subdomain_spam_score,leet_brand_score,-0.0037607392254208043,0.0037607392254208043
url_entropy,risky_tld,-0.0037140180472905434,0.0037140180472905434
punycode_suspicious,visual_brand_similarity,-0.0037137420909660658,0.0037137420909660658
punycode_suspicious,brand_in_domain,-0.003665552986602698,0.003665552986602698
num_params,puny,-0.0036576006730704175,0.0036576006730704175
num_repeating,leet_brand_score,-0.003649285081836158,0.003649285081836158
leet_speak_score,encoding_ratio,-0.0036447038133436663,0.0036447038133436663
num_underscores,num_at,0.0035909790872491127,0.0035909790872491127
puny,subdomain_spam_score,-0.0035856071329583013,0.0035856071329583013
num_percent,tld_len,-0.003562390471042391,0.003562390471042391
encoding_ratio,leet_in_domain,0.0035058210818804843,0.0035058210818804843
has_multi_subdomain,http_no_brand_no_age,-0.003470256572524794,0.003470256572524794
num_underscores,domain_len,0.0034524050685217343,0.0034524050685217343
risky_tld,punycode_suspicious,-0.003445103371537987,0.003445103371537987
num_amp,puny,-0.0034428962811408116,0.0034428962811408116
num_dots,risky_tld,0.0034201991660136512,0.0034201991660136512
encoding_ratio,max_domain_digits,-0.003414449391128873,0.003414449391128873
num_at,suspicious_port,-0.0034038728229643265,0.0034038728229643265
punycode_suspicious,subdomain_spam_score,-0.003374105874373515,0.003374105874373515
num_repeating,susp_ext,0.0033624588917051217,0.0033624588917051217
num_at,has_redirect,0.0033608504073794794,0.0033608504073794794
num_non_ascii,domain_len,-0.003353143940784232,0.003353143940784232
num_qmark,punycode_suspicious,-0.003307814377813879,0.003307814377813879
puny,visual_brand_similarity,-0.0032989737054479576,0.0032989737054479576
suspicious_port,brand_hyphen_suspicious,-0.003290746227386536,0.003290746227386536
num_subdirs,punycode_suspicious,-0.0032881574872387093,0.0032881574872387093
num_qmark,leet_in_domain,-0.003261000048742687,0.003261000048742687
num_subdirs,subdomain_spam_score,0.003245346549699082,0.003245346549699082
num_frag,encoding_ratio,0.003196880533846588,0.003196880533846588
has_multi_subdomain,puny,-0.0031961061485471657,0.0031961061485471657
path_dots,num_non_ascii,0.0031814575482534634,0.0031814575482534634
brand_hyphen_suspicious,leet_brand_score,0.0031444552922679924,0.0031444552922679924
homoglyph_suspicious,max_domain_digits,0.0031269399446234828,0.0031269399446234828
num_at,leet_in_domain,0.0031073580208277013,0.0031073580208277013
ratio_digits,homoglyph_suspicious,0.0030995217275864313,0.0030995217275864313
num_percent,num_non_ascii,0.0030906874812490098,0.0030906874812490098
num_repeating,domain_digit_ratio,0.003060821219275077,0.003060821219275077
num_underscores,num_non_ascii,0.0030299299457397498,0.0030299299457397498
num_special,num_non_ascii,0.0029946337487929586,0.0029946337487929586
num_percent,domain_digit_ratio,-0.002990464798044587,0.002990464798044587
num_non_ascii,http_no_brand_no_age,-0.0029827694765598625,0.0029827694765598625
num_at,num_percent,0.002977782979339638,0.002977782979339638
num_non_ascii,ratio_digits,0.0029760066752043354,0.0029760066752043354
subdomain_parts,homoglyph_suspicious,0.0029664929158853535,0.0029664929158853535
leet_speak_score,homoglyph_suspicious,0.0029548645739615443,0.0029548645739615443
has_multi_subdomain,punycode_suspicious,-0.0029522103770040706,0.0029522103770040706
num_percent,leet_brand_score,-0.0029175844044402716,0.0029175844044402716
num_percent,double_slash_in_path,0.0028960232608089484,0.0028960232608089484
num_repeating,double_slash_in_path,0.0028888309087531814,0.0028888309087531814
shortened,puny,-0.0028478506181447228,0.0028478506181447228
num_equal,puny,-0.002832101876584604,0.002832101876584604
homoglyph_suspicious,leet_in_domain,0.0027980862535367463,0.0027980862535367463
num_non_ascii,encoding_ratio,0.002786678652959103,0.002786678652959103
shortened,double_slash_in_path,-0.002783800547631548,0.002783800547631548
risky_tld,double_slash_in_path,-0.002752704341365275,0.002752704341365275
shortened,punycode_suspicious,-0.0027501695564300112,0.0027501695564300112
max_digits,homoglyph_suspicious,0.0027196950591812075,0.0027196950591812075
path_dots,has_multi_subdomain,-0.0027044701573735674,0.0027044701573735674
num_slashes,has_multi_subdomain,-0.0026952212367973814,0.0026952212367973814
url_len,susp_ext,-0.0026922134914979853,0.0026922134914979853
puny,max_digits,-0.0026671806308685595,0.0026671806308685595
num_percent,homoglyph_suspicious,0.0026570835175372103,0.0026570835175372103
leet_in_domain,double_slash_in_path,0.002629014634100461,0.002629014634100461
encoding_ratio,leet_brand_score,-0.0026288397764221384,0.0026288397764221384
num_non_ascii,risky_tld,-0.002628394874589864,0.002628394874589864
num_digits,susp_ext,0.002628315483337993,0.002628315483337993
num_at,shortened,-0.0026256275661470274,0.0026256275661470274
susp_ext,leet_brand_score,-0.0026227304781464645,0.0026227304781464645
subdomain_parts,tld_len,0.0026187538059240637,0.0026187538059240637
num_hyphens,leet_in_domain,-0.002616379458633941,0.002616379458633941
susp_ext,encoding_ratio,-0.0026012425775502517,0.0026012425775502517
num_non_ascii,max_domain_digits,0.00259393767338491,0.00259393767338491
brand_mismatch,suspicious_port,-0.002569132949160238,0.002569132949160238
max_vowels,abnormal_subdomain,-0.002551210773578318,0.002551210773578318
num_frag,http_no_brand_no_age,-0.002542146064266949,0.002542146064266949
num_special,domain_len,0.0025073946966920075,0.0025073946966920075
encoding_ratio,domain_digit_ratio,-0.002458819205793016,0.002458819205793016
num_percent,abnormal_subdomain,-0.0024372413657975083,0.0024372413657975083
num_subdirs,has_redirect,0.0024290264989040673,0.0024290264989040673
num_dots,puny,0.0024266088469462534,0.0024266088469462534
num_repeating,sus_words,0.0023839810272239374,0.0023839810272239374
num_amp,suspicious_port,-0.0023275415310102998,0.0023275415310102998
sus_words,double_slash_in_path,0.002279528659992325,0.002279528659992325
num_non_ascii,sus_words,-0.0022750512131632776,0.0022750512131632776
max_digits,double_slash_in_path,-0.002272737700837286,0.002272737700837286
num_percent,num_frag,0.002259731722279225,0.002259731722279225
path_len,label,-0.0022572781841414674,0.0022572781841414674
puny,brand_hyphen_suspicious,-0.0022560119698339627,0.0022560119698339627
num_frag,leet_brand_score,-0.002248119159935324,0.002248119159935324
num_non_ascii,has_multi_subdomain,0.0022419653991195628,0.0022419653991195628
double_slash_in_path,abnormal_subdomain,0.002236818290471007,0.002236818290471007
suspicious_port,encoding_ratio,-0.002226086087010647,0.002226086087010647
num_at,num_repeating,0.0022229789882122664,0.0022229789882122664
https_flag,double_slash_in_path,0.0022086916447496205,0.0022086916447496205
num_letters,abnormal_subdomain,0.002205955939774343,0.002205955939774343
brand_hyphen_suspicious,double_slash_in_path,-0.002205272747479488,0.002205272747479488
num_hyphens,homoglyph_suspicious,-0.002194015743111282,0.002194015743111282
punycode_suspicious,brand_hyphen_suspicious,-0.002178630929181587,0.002178630929181587
ratio_letters,double_slash_in_path,-0.002128965121766728,0.002128965121766728
suspicious_port,has_redirect,-0.002118536862381007,0.002118536862381007
suspicious_port,subdomain_spam_score,-0.002094062259669478,0.002094062259669478
num_repeating,max_domain_digits,0.0020679453733670134,0.0020679453733670134
num_percent,leet_in_domain,-0.0020538544944898153,0.0020538544944898153
has_multi_subdomain,double_slash_in_path,0.0020530568599744273,0.0020530568599744273
num_hyphens,brand_mismatch,0.0020515113735770844,0.0020515113735770844
sus_words,abnormal_subdomain,-0.0020309186076798006,0.0020309186076798006
max_digits,punycode_suspicious,-0.001905965059703326,0.001905965059703326
max_vowels,homoglyph_suspicious,-0.0019051075244563426,0.0019051075244563426
max_consonants,leet_in_domain,-0.0019005719599804207,0.0019005719599804207
ratio_digits,double_slash_in_path,0.0018867158889529945,0.0018867158889529945
num_percent,puny,0.001865814163802817,0.001865814163802817
num_subdirs,homoglyph_suspicious,-0.0018598877830077038,0.0018598877830077038
num_amp,num_non_ascii,-0.0018435233113496177,0.0018435233113496177
has_multi_subdomain,leet_brand_score,-0.0018411027347954973,0.0018411027347954973
suspicious_port,leet_brand_score,-0.0018380797020503702,0.0018380797020503702
num_subdirs,subdomain_parts,-0.0018028251573878344,0.0018028251573878344
max_consonants,max_domain_digits,0.0017884351607445634,0.0017884351607445634
num_non_ascii,num_slashes,0.0017379897987980285,0.0017379897987980285
brand_mismatch,abnormal_subdomain,0.0017133444960121332,0.0017133444960121332
encoding_ratio,label,-0.001709845725015379,0.001709845725015379
url_len,num_non_ascii,0.0017066284320808687,0.0017066284320808687
num_percent,suspicious_port,-0.0016855643863965628,0.0016855643863965628
subdomain_spam_score,brand_in_domain,-0.001663349098794979,0.001663349098794979
num_percent,punycode_suspicious,-0.001635650608617161,0.001635650608617161
num_at,encoding_ratio,0.0015678959387643704,0.0015678959387643704
double_slash_in_path,http_no_brand_no_age,-0.001567794464268015,0.001567794464268015
homoglyph_suspicious,http_no_brand_no_age,-0.0015556955736531735,0.0015556955736531735
suspicious_port,abnormal_subdomain,-0.001550847645927567,0.001550847645927567
num_frag,tld_len,0.0015183780773198139,0.0015183780773198139
susp_ext,subdomain_spam_score,0.0014922018931142196,0.0014922018931142196
encoding_ratio,punycode_suspicious,-0.0014737751455340834,0.0014737751455340834
tld_len,susp_ext,-0.0014729338760834166,0.0014729338760834166
num_underscores,double_slash_in_path,0.00146392951295596,0.00146392951295596
num_non_ascii,path_depth,0.001454083706994212,0.001454083706994212
puny,has_redirect,-0.0014523892727704084,0.0014523892727704084
brand_mismatch,double_slash_in_path,-0.001450399330375489,0.001450399330375489
num_hyphens,brand_in_domain,-0.0014386826950461224,0.0014386826950461224
num_non_ascii,visual_brand_similarity,-0.0014329920544469395,0.0014329920544469395
has_redirect,double_slash_in_path,-0.0014197240638789375,0.0014197240638789375
num_dots,punycode_suspicious,0.0014139786871442868,0.0014139786871442868
punycode_suspicious,has_redirect,-0.0014025724301020305,0.0014025724301020305
num_frag,shortened,0.001399792286012711,0.001399792286012711
leet_in_domain,has_redirect,-0.001393479000346404,0.001393479000346404
num_letters,punycode_suspicious,-0.0013929722580979457,0.0013929722580979457
risky_tld,homoglyph_suspicious,-0.0013708676799683737,0.0013708676799683737
has_multi_subdomain,sus_words,0.001343754007190754,0.001343754007190754
subdomain_parts,double_slash_in_path,0.0013353155843672875,0.0013353155843672875
num_frag,puny,-0.0013051011502380168,0.0013051011502380168
sus_words,homoglyph_suspicious,-0.0013005668523209304,0.0013005668523209304
visual_brand_similarity,max_domain_digits,0.001295948789408751,0.001295948789408751
tld_len,leet_brand_score,0.001285786640656191,0.001285786640656191
num_letters,num_non_ascii,0.0012802073051947453,0.0012802073051947453
leet_speak_score,http_no_brand_no_age,-0.0012685900535250086,0.0012685900535250086
num_equal,num_non_ascii,-0.0012679208349125803,0.0012679208349125803
num_frag,punycode_suspicious,-0.0012603362790793412,0.0012603362790793412
puny,leet_brand_score,-0.001260118381303398,0.001260118381303398
double_slash_in_path,leet_brand_score,-0.0012317774737209408,0.0012317774737209408
punycode_suspicious,leet_brand_score,-0.001216896415731293,0.001216896415731293
num_non_ascii,shortened,-0.0011507189946627896,0.0011507189946627896
max_consonants,path_depth,-0.0011111482087048591,0.0011111482087048591
num_digits,num_non_ascii,0.0011035065183611667,0.0011035065183611667
num_at,max_domain_digits,-0.0010965791604913204,0.0010965791604913204
puny,suspicious_port,-0.001067060846296128,0.001067060846296128
suspicious_port,double_slash_in_path,-0.001043061932163615,0.001043061932163615
num_letters,puny,-0.0010407882272721089,0.0010407882272721089
num_params,homoglyph_suspicious,0.0010358685551476133,0.0010358685551476133
suspicious_port,punycode_suspicious,-0.0010304607396344942,0.0010304607396344942
num_underscores,homoglyph_suspicious,0.0010007669575156867,0.0010007669575156867
num_amp,homoglyph_suspicious,-0.0009977454738112927,0.0009977454738112927
num_hyphens,max_domain_digits,-0.0009849747760338097,0.0009849747760338097
homoglyph_suspicious,visual_brand_similarity,-0.0009544613402803923,0.0009544613402803923
num_frag,suspicious_port,0.0009517465509968435,0.0009517465509968435
num_non_ascii,tld_len,-0.0009432465164059115,0.0009432465164059115
has_multi_subdomain,homoglyph_suspicious,-0.0009372779709871588,0.0009372779709871588
homoglyph_suspicious,subdomain_spam_score,-0.0009294984643240701,0.0009294984643240701
num_special,homoglyph_suspicious,-0.0009152421517367438,0.0009152421517367438
num_special,abnormal_subdomain,0.0009144009592959551,0.0009144009592959551
num_non_ascii,brand_hyphen_suspicious,-0.0009115772468310783,0.0009115772468310783
num_digits,homoglyph_suspicious,0.0009111334080355351,0.0009111334080355351
brand_mismatch,homoglyph_suspicious,-0.0008915281763095677,0.0008915281763095677
subdomain_parts,puny,-0.0008451308398676806,0.0008451308398676806
num_hyphens,num_non_ascii,0.000822283014310876,0.000822283014310876
url_len,punycode_suspicious,-0.0008083311580069807,0.0008083311580069807
homoglyph_suspicious,abnormal_subdomain,-0.0008007341515184781,0.0008007341515184781
homoglyph_suspicious,brand_in_domain,-0.0007999341529977687,0.0007999341529977687
domain_digit_ratio,double_slash_in_path,-0.0007779666344116424,0.0007779666344116424
num_special,double_slash_in_path,0.0007722862659942989,0.0007722862659942989
ratio_letters,has_redirect,-0.0007498252801393702,0.0007498252801393702
max_domain_digits,double_slash_in_path,-0.0007423724087160981,0.0007423724087160981
subdomain_parts,punycode_suspicious,-0.0007416749158037488,0.0007416749158037488
brand_in_domain,double_slash_in_path,-0.0007320639032944263,0.0007320639032944263
puny,double_slash_in_path,-0.0007150840695814127,0.0007150840695814127
punycode_suspicious,double_slash_in_path,-0.0006905567398517279,0.0006905567398517279
num_non_ascii,max_consonants,-0.0006771856267548964,0.0006771856267548964
leet_speak_score,double_slash_in_path,-0.0006674224274281057,0.0006674224274281057
num_qmark,puny,-0.0006572917639659214,0.0006572917639659214
num_amp,double_slash_in_path,0.0006567091162098939,0.0006567091162098939
num_equal,homoglyph_suspicious,-0.0006560439599061492,0.0006560439599061492
homoglyph_suspicious,path_depth,-0.0006345857681754567,0.0006345857681754567
shortened,homoglyph_suspicious,-0.0006001698959921666,0.0006001698959921666
num_non_ascii,has_redirect,-0.0005868608111580761,0.0005868608111580761
num_frag,num_non_ascii,-0.0005273467203534369,0.0005273467203534369
num_non_ascii,leet_brand_score,-0.0005091707225269404,0.0005091707225269404
num_non_ascii,num_params,0.0005005954290073412,0.0005005954290073412
num_percent,http_no_brand_no_age,-0.00048069762215251314,0.00048069762215251314
homoglyph_suspicious,brand_hyphen_suspicious,-0.00047544293955081754,0.00047544293955081754
num_params,double_slash_in_path,0.00046596504607137554,0.00046596504607137554
num_at,domain_digit_ratio,-0.00046032876078841455,0.00046032876078841455
num_non_ascii,suspicious_port,-0.00043116277815646593,0.00043116277815646593
num_hyphens,double_slash_in_path,-0.0003996547778865831,0.0003996547778865831
url_len,puny,-0.0003992276173737231,0.0003992276173737231
path_len,homoglyph_suspicious,0.00039524721839360907,0.00039524721839360907
num_digits,https_flag,0.00039266987893512786,0.00039266987893512786
num_repeating,leet_in_domain,-0.0003645410695305122,0.0003645410695305122
num_non_ascii,brand_in_domain,0.0003457353624019218,0.0003457353624019218
homoglyph_suspicious,encoding_ratio,-0.0003216221609838485,0.0003216221609838485
homoglyph_suspicious,has_redirect,-0.00030608358220230266,0.00030608358220230266
url_entropy,leet_brand_score,-0.0003059314505379627,0.0003059314505379627
num_non_ascii,puny,-0.00029558900056549813,0.00029558900056549813
url_len,homoglyph_suspicious,0.00029363748334343734,0.00029363748334343734
num_special,leet_brand_score,-0.0002901948992904274,0.0002901948992904274
susp_ext,punycode_suspicious,0.0002892856253880933,0.0002892856253880933
num_non_ascii,double_slash_in_path,-0.00028894100568524527,0.00028894100568524527
num_non_ascii,punycode_suspicious,-0.00028545032010856436,0.00028545032010856436
path_len,subdomain_spam_score,-0.0002810478342758465,0.0002810478342758465
num_repeating,homoglyph_suspicious,0.00027715082553386576,0.00027715082553386576
num_frag,homoglyph_suspicious,-0.00027504336660322937,0.00027504336660322937
visual_brand_similarity,domain_digit_ratio,-0.0002686773046864112,0.0002686773046864112
homoglyph_suspicious,leet_brand_score,-0.00026556347900627363,0.00026556347900627363
https_flag,homoglyph_suspicious,-0.00026237226543537065,0.00026237226543537065
num_hyphens,num_frag,0.00024650368156326467,0.00024650368156326467
num_slashes,homoglyph_suspicious,-0.00023983390642430172,0.00023983390642430172
suspicious_port,homoglyph_suspicious,-0.00022487759472301813,0.00022487759472301813
tld_len,homoglyph_suspicious,-0.0002130479253173317,0.0002130479253173317
num_non_ascii,label,0.00019400133707724387,0.00019400133707724387
num_slashes,subdomain_parts,-0.0001767421624119643,0.0001767421624119643
num_letters,homoglyph_suspicious,-0.00016237417434765737,0.00016237417434765737
max_consonants,homoglyph_suspicious,-0.00015895517524264468,0.00015895517524264468
puny,homoglyph_suspicious,-0.0001541676295851969,0.0001541676295851969
homoglyph_suspicious,double_slash_in_path,-0.00015070029619246967,0.00015070029619246967
homoglyph_suspicious,punycode_suspicious,-0.00014887969150165223,0.00014887969150165223
num_non_ascii,abnormal_subdomain,-0.00012701906290118553,0.00012701906290118553
num_repeating,suspicious_port,-0.00010039035729388989,0.00010039035729388989
tld_len,abnormal_subdomain,-9.645634430729447e-05,9.645634430729447e-05
num_non_ascii,max_vowels,8.419904840330183e-05,8.419904840330183e-05
puny,susp_ext,3.7853544868949064e-05,3.7853544868949064e-05
num_digits,puny,2.9844465254436564e-05,2.9844465254436564e-05
num_digits,punycode_suspicious,-2.7395330472079106e-05,2.7395330472079106e-05
num_non_ascii,brand_mismatch,-1.5086855217711953e-05,1.5086855217711953e-05
num_repeating,num_non_ascii,-9.997203198250678e-06,9.997203198250678e-06
path_dots,risky_tld,-8.911868309558449e-06,8.911868309558449e-06
num_subdirs,num_non_ascii,-3.0452776241322875e-06,3.0452776241322875e-06
