url,label
http://spootify.ga/account/suspended,malicious
http://twitter-secure-suspend.site/update/account,malicious
http://spotify-validation.ml/account/verify,malicious
http://amazon-billing.ml/billing/update,malicious
http://dropbox-validation.online/verify,malicious
http://spotiy.xyz/secure,malicious
http://sp0tify-login.club/security/check,malicious
http://amazon-secure-help.info/confirm,malicious
http://wellsfrgo.info/verify.php,malicious
http://linkedin-refund.net/security/check,malicious
http://suspend-amazon.net/confirm/identity,malicious
http://netfl!x.ml/billing/update,malicious
http://microsft.ga/security/check,malicious
http://twitter-access.info/update,malicious
http://apple-support.org/confirm/identity,malicious
http://twitter-center.info/login?redirect=true,malicious
http://mastercard-care.net/update,malicious
http://linkedin-auth.online/verify,malicious
http://chase-billing.site/login?redirect=true,malicious
http://visa-payment.site/update/account,malicious
http://amazon-access.club/secure/login,malicious
http://vi5a.club/secure,malicious
http://twitter-banking.gq/update/account,malicious
http://spo7ify.ga/verify.php,malicious
http://amazon-manage.gq/security/check,malicious
http://signin-microsoft.ml/login,malicious
http://instagram-secure-center.org/secure,malicious
http://google.ga/secure,malicious
http://microsoft.top/account/verify,malicious
http://microsoft-locked.org/login,malicious
http://google-verify.xyz/login.php,malicious
http://wh@tsapp.cf/verify,malicious
http://wellsfargo-help.site/account/verify,malicious
http://ne7flix.xyz/billing/update,malicious
http://apple-secure-center.online/signin.php,malicious
http://cha5e-login.org/verify,malicious
http://amazon-service.club/update/account,malicious
http://official-ebay.net/auth,malicious
http://spotify-center.ga/verify?token=abc123,malicious
http://service-visa.ml/secure/login,malicious
http://visa-warning.top/payment/verify,malicious
http://visa-secure-center.ga/account/suspended,malicious
http://bankofamerica.login-verify.org/login?redirect=true,malicious
http://spotify.xyz/billing/update,malicious
http://ma$tercard-login.tk/confirm/identity,malicious
http://twitter-reward.site/login.php,malicious
http://dropbox.account-update.club/auth,malicious
http://linkedin.ml/verify.php,malicious
http://chase-update.club/signin,malicious
http://facebook-portal.biz/login.php,malicious
http://sptify.org/verify?token=abc123,malicious
http://verify-microsoft.online/verify?token=abc123,malicious
http://dropbox-support.ml/secure/login,malicious
http://bankofamerica.login-verify.ml/account/verify,malicious
http://wellsargo.xyz/security/check,malicious
http://netflix.suspended-account.xyz/signin.php,malicious
http://free-wellsfargo.ga/login?redirect=true,malicious
http://spotify-secure-warning.net/login.php,malicious
http://securemicrosoft.tk/login,malicious
http://my-ebay.online/account/suspended,malicious
http://eb4y.top/login,malicious
http://visa-secure-warning.tk/verify,malicious
http://twitter-secure-help.xyz/account/verify,malicious
http://welllsfargo.online/billing/update,malicious
http://visa-recover.site/update,malicious
http://bankofamerica-help.club/account/verify,malicious
http://google-center.xyz/payment/verify,malicious
http://dropbx.cf/account/verify,malicious
http://facebook-portal.club/secure/login,malicious
http://whatsapp.suspended-account.top/login.php,malicious
http://wellsfargo-suspend.cf/verify?token=abc123,malicious
http://amazon-support.net/update,malicious
http://bankofamerca.biz/verify.php,malicious
http://mastercard-warning.site/confirm,malicious
http://linkedin-payment.net/confirm/identity,malicious
http://wellsfargo-portal.biz/secure/login,malicious
http://mastercard-validation.cf/signin.php,malicious
http://spo7ify.info/verify?token=abc123,malicious
http://mastercard-center.info/verify,malicious
http://link3din.gq/login.php,malicious
http://neflix.cf/account/suspended,malicious
http://microsoft-refund.info/confirm,malicious
http://bankofamerica-notification.club/update/account,malicious
http://wellsf@rgo-login.top/verify,malicious
http://apple-secure-manage.info/login?redirect=true,malicious
http://adobe-service.cf/login.php,malicious
http://masstercard.net/signin,malicious
http://@dobe.top/account/suspended,malicious
http://facebook-refund.top/verify,malicious
http://visa.id-verify.biz/security/check,malicious
http://google-confirm.biz/update,malicious
http://dropboxverify.ga/update/account,malicious
http://paypal-secure-center.biz/secure/login,malicious
http://secure-paypal.org/signin,malicious
http://twitteer.tk/update/account,malicious
http://mastercard-secure-center.org/signin,malicious
http://dropbox-locked.cf/account/suspended,malicious
http://bbankofamerica.info/confirm/identity,malicious
http://whatsapp-login.ga/security/check,malicious
http://thewhatsapp.club/login,malicious
http://facebok.site/login?redirect=true,malicious
http://googlesafe.tk/update/account,malicious
http://online-instagram.top/confirm/identity,malicious
http://chase-secure-center.top/update/account,malicious
http://linkkedin.org/auth,malicious
http://twitt3r-login.online/security/check,malicious
http://getspotify.ga/confirm/identity,malicious
http://facebook-secure-suspend.club/login?redirect=true,malicious
http://apple-locked.club/auth,malicious
http://microsoft-secure-help.info/billing/update,malicious
http://bestchase.org/account/verify,malicious
http://notification-facebook.tk/verify,malicious
http://linkedin-secure-center.biz/security/check,malicious
http://visa-suspend.gq/account/verify,malicious
http://wellsfargo-notification.ml/confirm/identity,malicious
http://spot1fy.biz/confirm,malicious
http://facebok.biz/verify?token=abc123,malicious
http://ch4se-login.online/update,malicious
http://spotiy.info/secure/login,malicious
http://spottify.top/account,malicious
http://amazon-login.gq/update/account,malicious
http://apple-billing.cf/login.php,malicious
http://7witter-login.club/verify,malicious
http://twitter-security.xyz/account/suspended,malicious
http://wellsfargosecure.ml/account/verify,malicious
http://whatsappp.cf/login?redirect=true,malicious
http://visa-service.tk/auth,malicious
http://whatsapp-service.ml/verify,malicious
http://visa-center.info/account/verify,malicious
http://mastercard-reward.tk/signin,malicious
http://google-access.xyz/confirm,malicious
http://linkedin-secure-validation.net/billing/update,malicious
http://3bay-login.cf/verify,malicious
http://warning-instagram.cf/auth,malicious
http://bankofammerica.org/account/suspended,malicious
http://bankofammerica.online/update,malicious
http://visa-online.ga/verify,malicious
http://ebay-warning.gq/payment/verify,malicious
http://instagram-online.info/signin.php,malicious
http://ebay-online.ml/signin.php,malicious
http://titter.gq/login.php,malicious
http://instagram-validation.ml/signin,malicious
http://mastercard-payment.online/update,malicious
http://whatsapp-online.club/auth,malicious
http://amazn.cf/login?redirect=true,malicious
http://myvisa.info/billing/update,malicious
http://twitt3r.online/secure,malicious
http://linkedin-access.xyz/account,malicious
http://wellsfargo-billing.club/confirm/identity,malicious
http://ebay-secure-alert.gq/confirm,malicious
http://real-bankofamerica.site/secure/login,malicious
http://facebook-service.gq/signin.php,malicious
http://iinstagram.org/update,malicious
http://whatsappp.org/update,malicious
http://instagram-login.info/verify,malicious
http://chase-service.ml/confirm/identity,malicious
http://access-facebook.gq/signin.php,malicious
http://twitter.gq/secure/login,malicious
http://chase-verify.top/secure/login,malicious
http://spotifyweb.org/account,malicious
http://update-adobe.info/billing/update,malicious
http://adobe-verify.ga/secure,malicious
http://dropbox-recover.biz/account,malicious
http://facebook-secure.gq/confirm/identity,malicious
http://visa.security-check.net/billing/update,malicious
http://google-validation.biz/login?redirect=true,malicious
http://ebay.gq/security/check,malicious
http://access-dropbox.club/update,malicious
http://neetflix.club/signin,malicious
http://apple-secure.net/update,malicious
http://amazonn.top/secure,malicious
http://portal-wellsfargo.top/signin.php,malicious
http://safe-amazon.club/login,malicious
http://whatsapp-billing.info/confirm/identity,malicious
http://microsoft-secure-billing.org/login,malicious
http://nettflix.net/verify?token=abc123,malicious
http://paypall.top/update/account,malicious
http://paypal.account-update.cf/confirm/identity,malicious
http://linkedin-billing.cf/secure,malicious
http://dropboxsecure.ga/auth,malicious
http://instagram-help.cf/secure,malicious
http://apple-help.biz/secure/login,malicious
http://visa-signin.org/secure,malicious
http://ebayhelp.tk/update/account,malicious
http://appl3-login.biz/verify?token=abc123,malicious
http://dropbox-secure-validation.ga/secure,malicious
http://netflix.top/account/verify,malicious
http://applesafe.site/update,malicious
http://ebay.security-check.ml/billing/update,malicious
http://service-facebook.gq/account,malicious
http://m4stercard-login.biz/account,malicious
http://thepaypal.info/update,malicious
http://getnetflix.gq/auth,malicious
http://facebook-care.cf/verify,malicious
http://faceook.tk/login?redirect=true,malicious
http://whatsapp-service.xyz/confirm,malicious
http://link3din.org/account/suspended,malicious
http://warning-spotify.ga/confirm/identity,malicious
http://spotify-portal.gq/security/check,malicious
http://ch@se.cf/account,malicious
http://maastercard.club/verify.php,malicious
http://securewhatsapp.club/verify?token=abc123,malicious
http://visa-refund.online/signin.php,malicious
http://fcebook.biz/auth,malicious
http://ffacebook.ml/verify.php,malicious
http://unlock-paypal.net/secure/login,malicious
http://portal-google.ml/login?redirect=true,malicious
http://locked-dropbox.org/auth,malicious
http://twitter-alert.top/account,malicious
http://dropbox-suspend.ga/verify,malicious
http://apple-secure-suspend.info/confirm,malicious
http://support-linkedin.tk/verify.php,malicious
http://netflix-app.net/signin,malicious
http://7witter.net/account/suspended,malicious
http://f4cebook.tk/verify.php,malicious
http://spotifyportal.info/payment/verify,malicious
http://paypal.secure-login.club/verify,malicious
http://spotify-secure-manage.top/billing/update,malicious
http://paypal-recover.gq/account/suspended,malicious
http://paypal-payment.tk/update,malicious
http://9oogle.online/signin,malicious
http://instagram-support.cf/auth,malicious
http://warning-amazon.net/signin,malicious
http://spotify-signin.online/login,malicious
http://ebay-online.site/account/verify,malicious
http://whatsapp-secure-manage.site/login,malicious
http://1nstagram.ml/security/check,malicious
http://wellsfargo-care.cf/login.php,malicious
http://free-bankofamerica.site/security/check,malicious
http://goole.org/security/check,malicious
http://spotify-account.club/login?redirect=true,malicious
http://google-alert.top/confirm/identity,malicious
http://linkedin-warning.biz/account/suspended,malicious
http://bankofamerica-account.club/billing/update,malicious
http://@dobe-login.top/login,malicious
http://safe-ebay.online/confirm/identity,malicious
http://linkedin-secure-billing.org/confirm,malicious
http://instagram-help.club/verify?token=abc123,malicious
http://thefacebook.ga/billing/update,malicious
http://visa-service.top/security/check,malicious
http://whatsapp-secure-help.tk/confirm/identity,malicious
http://masterard.online/verify,malicious
http://myadobe.ml/verify.php,malicious
http://bankofamerica-account.club/login?redirect=true,malicious
http://visa.security-check.biz/auth,malicious
http://10.0.125.196/amazon/verify,malicious
http://twitter-auth.xyz/login.php,malicious
http://what$app.tk/update/account,malicious
http://what5app-login.org/confirm/identity,malicious
http://facebooksafe.org/auth,malicious
http://new-netflix.top/secure/login,malicious
http://visaaccess.info/login.php,malicious
http://officialebay.net/login?redirect=true,malicious
http://spotify-secure.cf/verify,malicious
http://amazon-notification.club/update,malicious
http://paypal-web.tk/account/verify,malicious
http://security-bankofamerica.gq/verify.php,malicious
http://netflix.tk/security/check,malicious
http://microsof7-login.tk/login.php,malicious
http://eb@y.ga/secure,malicious
http://wellsfargo-suspend.online/signin,malicious
http://banking-ebay.info/payment/verify,malicious
http://warning-amazon.xyz/signin,malicious
http://ebay-portal.org/update,malicious
http://official-facebook.gq/billing/update,malicious
http://apple-service.org/signin,malicious
http://3bay.net/login.php,malicious
http://twitter-portal.ga/verify,malicious
http://amazon-payment.online/billing/update,malicious
http://dropbx.org/confirm/identity,malicious
http://apple-care.cf/secure,malicious
http://adbe.cf/verify?token=abc123,malicious
http://reward-ebay.org/verify.php,malicious
http://chase-secure-manage.net/account,malicious
http://4pple.tk/secure,malicious
http://micrsoft.biz/payment/verify,malicious
http://visa-validation.tk/login.php,malicious
http://manage-amazon.info/account/verify,malicious
http://bankofamerica-notification.info/account/suspended,malicious
http://spotify.login-verify.gq/verify.php,malicious
http://mydropbox.xyz/signin,malicious
http://visaa.tk/confirm,malicious
http://microsoft-unlock.biz/auth,malicious
http://linkedin-care.ml/update/account,malicious
http://microsoft-secure-center.ga/update,malicious
http://wellsfargo-support.site/account,malicious
http://adobe-secure-center.net/signin,malicious
http://visa-billing.ga/account/verify,malicious
http://facebook-update.tk/login.php,malicious
http://7witter.club/billing/update,malicious
http://wellsfargosupport.biz/signin,malicious
http://account-spotify.club/account/verify,malicious
http://whatsapp-refund.club/payment/verify,malicious
http://wellsfargo-verify.biz/login,malicious
http://paypal.login-verify.gq/account/verify,malicious
http://mastercard-auth.xyz/payment/verify,malicious
http://linkedin-secure.xyz/verify.php,malicious
http://wellsfargo-login.top/login?redirect=true,malicious
http://4mazon-login.info/update/account,malicious
http://get-adobe.tk/signin,malicious
http://mastercard-banking.tk/login?redirect=true,malicious
http://microsoftservice.xyz/payment/verify,malicious
http://netflix-warning.info/confirm/identity,malicious
http://amazon.gq/verify.php,malicious
http://facebook-signin.club/security/check,malicious
http://notification-bankofamerica.site/account,malicious
http://instagram-portal.tk/verify.php,malicious
http://chase-access.ml/verify.php,malicious
http://microsoft-security.top/signin.php,malicious
http://gogle.top/login?redirect=true,malicious
http://instaggram.online/payment/verify,malicious
http://adobe-secure-billing.net/verify.php,malicious
http://linkedin-reward.online/verify.php,malicious
http://paypal-billing.net/account,malicious
http://billing-paypal.gq/secure,malicious
http://twtter.site/confirm,malicious
http://amazon-banking.biz/auth,malicious
http://twitter-access.top/secure/login,malicious
http://adobe.ga/secure,malicious
http://ggoogle.xyz/verify?token=abc123,malicious
http://amazon-account.online/security/check,malicious
http://confirm-linkedin.xyz/confirm/identity,malicious
http://bankofamerica-support.info/secure,malicious
http://microsoft-secure-warning.net/payment/verify,malicious
http://myebay.ml/billing/update,malicious
http://chase-unlock.site/login.php,malicious
http://sppotify.site/auth,malicious
http://amazon-validation.tk/signin,malicious
http://mastercard-help.cf/login?redirect=true,malicious
http://mas7ercard-login.org/update/account,malicious
http://linedin.net/secure,malicious
http://netflixonline.online/verify.php,malicious
http://paypal-reward.ga/account/suspended,malicious
http://paypal.ml/billing/update,malicious
http://visa-warning.club/secure/login,malicious
http://ebay-help.xyz/account,malicious
http://whatsappaccess.ga/signin,malicious
http://new-visa.net/confirm/identity,malicious
http://chaase.site/login.php,malicious
http://spotify-secure-help.online/verify?token=abc123,malicious
http://bankofamerica-verify.club/login,malicious
http://apple-recover.gq/signin.php,malicious
http://adobe-account.xyz/update/account,malicious
http://instagraam.info/signin.php,malicious
http://facebookservice.online/signin,malicious
http://signin-adobe.gq/confirm/identity,malicious
http://insttagram.site/secure,malicious
http://linkedin-support.ml/account,malicious
http://netfl1x-login.club/secure/login,malicious
http://microsoft-secure.info/login.php,malicious
http://netflixweb.club/login?redirect=true,malicious
http://auth-google.tk/verify.php,malicious
http://paypal-portal.site/account/suspended,malicious
http://ebayhelp.info/verify,malicious
http://facebook.ml/verify.php,malicious
http://linkedin-account.info/confirm/identity,malicious
http://suspend-mastercard.net/auth,malicious
http://linkedin.phishing-site.biz/auth,malicious
http://chase-secure-suspend.net/confirm/identity,malicious
http://wellsfargo-alert.info/secure/login,malicious
http://facebook-secure-validation.gq/signin.php,malicious
http://eb@y-login.club/security/check,malicious
http://paypal-recover.ga/auth,malicious
http://netflix-reward.gq/update/account,malicious
http://wellsfargo-support.xyz/signin.php,malicious
http://access-microsoft.tk/payment/verify,malicious
http://twitter.login-verify.org/billing/update,malicious
http://appe.org/billing/update,malicious
http://welsfargo.top/payment/verify,malicious
http://linkedin-reward.xyz/secure,malicious
http://bankofamerica-banking.site/confirm,malicious
http://linkedin-secure-warning.tk/payment/verify,malicious
http://f@cebook.site/confirm,malicious
http://microsoft-center.online/update/account,malicious
http://account-ebay.org/verify,malicious
http://whatsapp-secure.club/payment/verify,malicious
http://spotify-suspend.site/signin.php,malicious
http://myapple.site/payment/verify,malicious
http://fcebook.top/auth,malicious
http://locked-spotify.top/billing/update,malicious
http://visa.verify-now.org/verify?token=abc123,malicious
http://paypal-unlock.club/confirm/identity,malicious
http://paypal-login.top/security/check,malicious
http://dropbox-secure.club/secure,malicious
http://twitter-access.cf/confirm/identity,malicious
http://apple-confirm.site/billing/update,malicious
http://google-locked.net/update/account,malicious
http://ebay-secure-billing.site/login?redirect=true,malicious
http://bankofamericaaccount.club/login,malicious
http://@pple.net/signin.php,malicious
http://support-apple.site/login,malicious
http://whatsapp-alert.cf/verify?token=abc123,malicious
http://wellsfargo-signin.tk/secure/login,malicious
http://best-chase.org/account/suspended,malicious
http://whatsapp.verify-now.cf/confirm,malicious
http://bankofamericca.top/update,malicious
http://bankofamerica-billing.net/secure,malicious
http://spotify-secure-center.info/billing/update,malicious
http://dropbox-warning.ga/confirm,malicious
http://wellsfargo-banking.cf/confirm,malicious
http://visa-login.ml/secure,malicious
http://well5fargo.info/update/account,malicious
http://googl3-login.xyz/billing/update,malicious
http://adobe-validation.online/account/verify,malicious
http://bankofamerica-update.gq/security/check,malicious
http://netfl1x-login.org/verify.php,malicious
http://mcrosoft.club/update/account,malicious
http://amazon-portal.biz/login?redirect=true,malicious
http://wellsfargo-manage.org/secure/login,malicious
http://adobe-refund.cf/account/verify,malicious
http://google-secure-help.site/update,malicious
http://instagram-manage.info/confirm/identity,malicious
http://netfl!x.info/login,malicious
http://bankofamerica.xyz/update/account,malicious
http://bankofamerica.account-update.club/verify,malicious
http://dropox.tk/billing/update,malicious
http://we1lsfargo.biz/auth,malicious
http://apple-secure-validation.xyz/login.php,malicious
http://loginlinkedin.net/payment/verify,malicious
http://chase-secure-help.top/billing/update,malicious
http://chase-update.ml/update,malicious
http://1inkedin.cf/confirm/identity,malicious
http://adobe-billing.club/update/account,malicious
http://b@nkofamerica.info/secure,malicious
http://vi5a-login.net/verify?token=abc123,malicious
http://verify-netflix.club/confirm/identity,malicious
http://twitter-confirm.ga/secure,malicious
http://whatsapp-alert.site/secure,malicious
http://twitter-portal.xyz/login?redirect=true,malicious
http://dropbox-refund.club/verify?token=abc123,malicious
http://dropbox-banking.info/payment/verify,malicious
http://instagram-warning.xyz/login.php,malicious
http://visa-manage.info/account/verify,malicious
http://spotify-portal.cf/update,malicious
http://help-netflix.gq/verify,malicious
http://bestbankofamerica.org/signin.php,malicious
http://adobe-security.online/secure/login,malicious
http://unlock-amazon.ml/confirm/identity,malicious
http://reward-microsoft.tk/verify.php,malicious
http://dropbox-portal.club/account/verify,malicious
http://microsoft-alert.net/confirm/identity,malicious
http://v1sa-login.online/secure/login,malicious
http://applelogin.org/account,malicious
http://insstagram.org/confirm/identity,malicious
http://amazon-help.info/account/suspended,malicious
http://chase-portal.tk/secure,malicious
http://securemicrosoft.gq/confirm/identity,malicious
http://case.ga/account,malicious
http://twitter-account.net/verify.php,malicious
http://my-visa.info/security/check,malicious
http://microsoft-payment.top/account/suspended,malicious
http://real-bankofamerica.info/security/check,malicious
http://bankoffamerica.ga/account/verify,malicious
http://paypal-security.tk/auth,malicious
http://apple-alert.biz/secure,malicious
http://locked-twitter.gq/signin,malicious
http://wellsfargo-portal.tk/auth,malicious
http://new-visa.site/account/verify,malicious
http://4dobe.club/verify,malicious
http://googlesupport.info/login,malicious
http://facebookapp.ml/login.php,malicious
http://ebay-secure-help.cf/confirm,malicious
http://visa-access.net/signin,malicious
http://chase.secure-login.ga/secure/login,malicious
http://tw1tter-login.net/login,malicious
http://bankofamerica-secure-warning.xyz/signin,malicious
http://mastercard-security.top/account/verify,malicious
http://netflix-update.tk/confirm/identity,malicious
http://netflix-secure-suspend.xyz/update,malicious
http://adobe-center.ml/security/check,malicious
http://apple-center.biz/signin,malicious
http://facebook-secure.club/verify.php,malicious
http://the-adobe.gq/auth,malicious
http://microsoftonline.info/confirm/identity,malicious
http://microsoft-warning.org/account/suspended,malicious
http://instagram-validation.ga/signin.php,malicious
http://apple-confirm.net/verify,malicious
http://chase-signin.ga/verify.php,malicious
http://google-unlock.cf/confirm/identity,malicious
http://spot1fy-login.cf/auth,malicious
http://google-login.info/signin,malicious
http://linkedin-notification.org/account,malicious
http://dropbox-reward.top/verify,malicious
http://g0ogle.info/auth,malicious
http://loginchase.site/payment/verify,malicious
http://amazon-access.ml/security/check,malicious
http://bankofam3rica-login.xyz/billing/update,malicious
http://chase-online.online/login?redirect=true,malicious
http://linkkedin.top/login.php,malicious
http://chase-unlock.top/account/suspended,malicious
http://dropbox-notification.ga/secure,malicious
http://5potify.site/secure,malicious
http://twitterweb.ga/secure/login,malicious
http://adobe-security.net/login,malicious
http://ebay.xyz/secure/login,malicious
http://adobe-service.net/secure/login,malicious
http://spotifysupport.gq/update/account,malicious
http://wellsfargo-validation.biz/login,malicious
http://amazon-safe.org/signin.php,malicious
http://ebaay.biz/login?redirect=true,malicious
http://appleservice.ga/account/verify,malicious
http://google-portal.biz/login,malicious
http://visa-auth.cf/signin,malicious
http://google-warning.biz/update,malicious
http://google.ml/verify?token=abc123,malicious
http://ebay-billing.gq/verify?token=abc123,malicious
http://paypal-account.net/confirm/identity,malicious
http://amazon-support.ml/login.php,malicious
http://dropbox-auth.net/payment/verify,malicious
http://dropbox-warning.info/verify.php,malicious
http://adobe-suspend.ga/auth,malicious
http://ne7flix-login.xyz/verify,malicious
http://ebay.verify-now.club/login.php,malicious
http://dropbox-security.ga/verify,malicious
http://spotify-unlock.ga/account/suspended,malicious
http://chase-reward.info/auth,malicious
http://linkedin-billing.online/verify,malicious
http://account-bankofamerica.top/secure/login,malicious
http://help-amazon.gq/account/suspended,malicious
http://wellsfargo-help.info/secure/login,malicious
http://facebook-warning.ml/update/account,malicious
http://paypal-secure.gq/verify.php,malicious
http://n3tflix-login.tk/security/check,malicious
http://linkedin-suspend.xyz/signin,malicious
http://access-twitter.xyz/update,malicious
http://real-linkedin.site/verify.php,malicious
http://alert-instagram.ml/signin.php,malicious
http://chas3.info/update,malicious
http://apple-locked.ga/confirm/identity,malicious
http://ebay-service.biz/confirm,malicious
http://wellsfar9o.xyz/login.php,malicious
http://microsoft-support.gq/verify.php,malicious
http://linkedin-help.top/login?redirect=true,malicious
http://sspotify.site/confirm,malicious
http://linkedin-secure.gq/security/check,malicious
http://instagram-access.club/security/check,malicious
http://netflix-support.site/update/account,malicious
http://facebook-login.biz/login?redirect=true,malicious
http://185.220.196.229/facebook/login,malicious
http://bankofamerica-reward.tk/signin,malicious
http://portal-amazon.top/login?redirect=true,malicious
http://center-bankofamerica.club/login,malicious
http://ch4se.site/billing/update,malicious
http://netfix.xyz/auth,malicious
http://dropboxportal.club/login,malicious
http://adobee.site/account,malicious
http://linkedinhelp.info/login.php,malicious
http://google-portal.gq/verify?token=abc123,malicious
http://bankofamerica-locked.info/login,malicious
http://4pple-login.xyz/verify.php,malicious
http://mastercard-recover.net/secure,malicious
http://google-support.cf/payment/verify,malicious
http://ebay.cf/signin,malicious
http://microsoft-signin.site/signin.php,malicious
http://google-login.cf/payment/verify,malicious
http://ebay-alert.online/verify?token=abc123,malicious
http://paypal-signin.gq/update,malicious
http://facebook-manage.club/billing/update,malicious
http://twitter-notification.xyz/update/account,malicious
http://netflix-online.tk/login?redirect=true,malicious
http://mastercard-safe.ga/login?redirect=true,malicious
http://netflix-secure.gq/account,malicious
http://reward-ebay.net/account,malicious
http://faceboook.ga/auth,malicious
http://twittter.gq/account/suspended,malicious
http://portal-amazon.cf/login.php,malicious
http://cha5e-login.tk/secure,malicious
http://spotify-security.tk/login,malicious
http://baankofamerica.biz/login,malicious
http://netflix-service.online/secure,malicious
http://real-microsoft.ml/account/suspended,malicious
http://ins7agram-login.ml/account/verify,malicious
http://wellsfargo-payment.gq/verify.php,malicious
http://vi$a.ml/login.php,malicious
http://chase.cf/verify.php,malicious
http://vi$a.site/secure,malicious
http://google-locked.club/security/check,malicious
http://eb4y.site/verify?token=abc123,malicious
http://safe-apple.top/verify?token=abc123,malicious
http://ebay-account.ga/confirm/identity,malicious
http://auth-linkedin.ga/update,malicious
http://vi5a-login.club/confirm/identity,malicious
http://4pple.club/billing/update,malicious
http://spotify-reward.biz/update/account,malicious
http://whatsapp.top/security/check,malicious
http://whatssapp.info/account,malicious
http://bankofamerica-support.info/verify?token=abc123,malicious
http://spotiify.online/confirm/identity,malicious
http://ebay-signin.online/verify.php,malicious
http://micrsoft.club/confirm,malicious
http://dropbox-secure.ml/auth,malicious
http://ebay-support.xyz/payment/verify,malicious
http://wellsfarrgo.xyz/secure,malicious
http://official-facebook.online/billing/update,malicious
http://linkedinsupport.xyz/payment/verify,malicious
http://m!crosoft.site/signin.php,malicious
http://adob3-login.biz/verify.php,malicious
http://visa-care.site/verify?token=abc123,malicious
http://spotify-payment.org/login.php,malicious
http://instagram-care.top/secure,malicious
http://dropbox-update.site/login,malicious
http://microsoft-suspend.online/update,malicious
http://google-support.biz/security/check,malicious
http://twitter-update.tk/auth,malicious
http://microsoft-warning.cf/account,malicious
http://login-chase.site/login?redirect=true,malicious
http://linkedin-secure-suspend.tk/signin,malicious
http://intagram.org/security/check,malicious
http://paypal-warning.club/payment/verify,malicious
http://welllsfargo.ml/auth,malicious
http://linkedin-portal.top/verify.php,malicious
http://chase-update.biz/confirm/identity,malicious
http://fac3book-login.net/account,malicious
http://bankofamerica-portal.xyz/confirm,malicious
http://linkedin-support.xyz/login.php,malicious
http://wellsfargo-notification.online/signin.php,malicious
http://adobe-signin.net/login.php,malicious
http://instagam.info/secure/login,malicious
http://google-support.top/verify,malicious
http://instagram-service.gq/login.php,malicious
http://newgoogle.cf/update/account,malicious
http://bankofamericaonline.online/signin,malicious
http://wha7sapp-login.gq/login.php,malicious
http://amazon-center.ml/update/account,malicious
http://get-instagram.info/confirm/identity,malicious
http://whatsapp-secure-manage.org/verify,malicious
http://adobe.security-check.ml/verify,malicious
http://netflix-locked.biz/secure/login,malicious
http://real-instagram.site/verify?token=abc123,malicious
http://microsoft-service.xyz/signin,malicious
http://service-spotify.tk/signin.php,malicious
http://spotify.ga/security/check,malicious
http://amazon-recover.org/auth,malicious
http://amazon-unlock.ml/account/suspended,malicious
http://twitter.verify-now.ga/login?redirect=true,malicious
http://whatapp.site/verify.php,malicious
http://wellsfargo-unlock.biz/secure,malicious
http://bankofamerica-verify.xyz/login.php,malicious
http://best-chase.top/verify.php,malicious
http://bestmastercard.tk/payment/verify,malicious
http://support-amazon.ml/confirm/identity,malicious
http://chaseweb.xyz/signin.php,malicious
http://dropbox.tk/signin,malicious
http://facebook-secure-center.ga/payment/verify,malicious
http://dropbox-secure-billing.biz/confirm/identity,malicious
http://wellsfargo-secure-center.ml/payment/verify,malicious
http://realfacebook.club/secure,malicious
http://bankofamerica-alert.top/update,malicious
http://twitter-signin.cf/secure,malicious
http://google-secure-warning.online/security/check,malicious
http://adobe-help.xyz/login?redirect=true,malicious
http://spootify.info/account/suspended,malicious
http://my-apple.cf/signin,malicious
http://adobe-manage.gq/verify?token=abc123,malicious
http://notification-adobe.org/billing/update,malicious
http://faceebook.gq/account/verify,malicious
http://auth-whatsapp.gq/payment/verify,malicious
http://microsoftsite.org/confirm,malicious
http://mast3rcard-login.online/verify?token=abc123,malicious
http://chase-center.online/signin,malicious
http://gogle.ga/account/suspended,malicious
http://facebook-access.ml/signin.php,malicious
http://facebook-account.online/secure,malicious
http://validation-adobe.xyz/verify,malicious
http://instagram-unlock.info/account/suspended,malicious
http://visa-help.info/auth,malicious
http://micro$oft.gq/verify,malicious
http://whatsapp-center.top/signin,malicious
http://chase-verify.info/secure,malicious
http://signin-adobe.xyz/verify?token=abc123,malicious
http://ntflix.net/account,malicious
http://whatsapp-banking.org/secure,malicious
http://mastercard-auth.site/update,malicious
http://microsoft-secure-alert.top/account,malicious
http://amaz0n.biz/account/verify,malicious
http://4dobe.ml/payment/verify,malicious
http://wllsfargo.info/secure,malicious
http://realdropbox.tk/billing/update,malicious
http://microsoftonline.ga/signin.php,malicious
http://ebay-payment.top/billing/update,malicious
http://googlee.online/secure/login,malicious
http://facebook-secure-alert.online/login?redirect=true,malicious
http://mastercard-signin.info/secure/login,malicious
http://portal-instagram.tk/confirm,malicious
http://mastercaard.club/signin,malicious
http://linkeddin.net/login.php,malicious
http://amazon-access.cf/update,malicious
http://linkedin-recover.ml/verify.php,malicious
http://bankofamerica-secure-alert.ml/confirm/identity,malicious
http://mastercard-alert.biz/update/account,malicious
http://netflix-update.info/update/account,malicious
http://p@ypal-login.xyz/verify?token=abc123,malicious
http://center-twitter.org/verify,malicious
http://spotify-login.top/billing/update,malicious
http://paypal-portal.net/secure,malicious
http://spotify-manage.net/verify?token=abc123,malicious
http://ad0be-login.online/auth,malicious
http://facebook-banking.ga/signin.php,malicious
http://amazon-notification.site/signin,malicious
http://linkedin.gq/login?redirect=true,malicious
http://apple-security.biz/signin.php,malicious
http://signinbankofamerica.ml/login.php,malicious
http://netflix-secure-warning.online/secure,malicious
http://chaseonline.tk/login?redirect=true,malicious
http://whatsapp-verify.top/verify.php,malicious
http://adobe-help.org/account/verify,malicious
http://reward-adobe.org/account,malicious
http://mastercard-account.xyz/payment/verify,malicious
http://chase-signin.xyz/account/verify,malicious
http://adobeportal.top/update,malicious
http://bankofamerica-security.top/verify.php,malicious
http://payment-spotify.tk/login.php,malicious
http://mastercard-secure-validation.tk/payment/verify,malicious
http://linkedin-secure-billing.cf/secure,malicious
http://adobe-web.ga/confirm/identity,malicious
http://visa-login.ga/signin.php,malicious
http://visa.xyz/account,malicious
http://visalogin.ml/billing/update,malicious
http://microsoft-login.gq/account/suspended,malicious
http://microsoft-verify.ml/confirm,malicious
http://bankofamerica-auth.ga/update/account,malicious
http://security-google.info/verify,malicious
http://adobe.secure-login.ml/login,malicious
http://facebook-banking.net/verify,malicious
http://paypal-payment.club/verify?token=abc123,malicious
http://wellsfargo-update.club/secure,malicious
http://spotify-security.biz/verify.php,malicious
http://l1nkedin-login.site/secure/login,malicious
http://wellsfargo-payment.cf/update,malicious
http://wellsfar9o-login.site/account/verify,malicious
http://facebookk.org/confirm,malicious
http://help-wellsfargo.club/verify.php,malicious
http://safe-google.info/verify.php,malicious
http://bankofamericaportal.xyz/account,malicious
http://dropbox-secure-center.ml/auth,malicious
http://v!sa.top/account/verify,malicious
http://amazon-security.tk/login?redirect=true,malicious
http://172.16.68.127/banking/secure,malicious
http://mas7ercard-login.ga/update,malicious
http://access-apple.xyz/secure,malicious
http://link3din-login.gq/payment/verify,malicious
http://free-mastercard.ml/secure,malicious
http://netfliix.gq/auth,malicious
http://amazon-refund.ml/security/check,malicious
http://mastercard-secure.tk/confirm/identity,malicious
http://facebook-notification.cf/security/check,malicious
http://apple-portal.top/account/suspended,malicious
http://bankofmerica.ga/secure,malicious
http://microsoft-online.info/account/suspended,malicious
http://signin-instagram.top/verify?token=abc123,malicious
http://wellsfarrgo.tk/payment/verify,malicious
http://microsoft.security-check.ga/signin.php,malicious
http://bankofamerica-secure-validation.site/account/suspended,malicious
http://microsoft-signin.info/account/suspended,malicious
http://bankofamerica-access.tk/update,malicious
http://netf1ix.club/update,malicious
http://mast3rcard.net/signin,malicious
http://dropbox-care.ml/security/check,malicious
http://amazon-confirm.ml/verify,malicious
http://secure-whatsapp.ml/payment/verify,malicious
http://netflix-recover.top/secure,malicious
http://apple-login.online/verify.php,malicious
http://wellsf@rgo-login.ml/login?redirect=true,malicious
http://dropboox.club/confirm/identity,malicious
http://suspend-mastercard.online/update,malicious
http://m4stercard.online/auth,malicious
http://official-visa.ga/signin.php,malicious
http://ebay-help.info/verify.php,malicious
http://tw1tter-login.xyz/auth,malicious
http://facebooklogin.club/account/verify,malicious
http://mastercard-unlock.online/signin.php,malicious
http://mybankofamerica.online/verify.php,malicious
http://facebook-auth.biz/confirm/identity,malicious
http://paypal-manage.info/verify,malicious
http://twitter-warning.xyz/verify,malicious
http://accessdropbox.net/account,malicious
http://bankofamerica-recover.xyz/signin,malicious
http://microsoft-service.site/verify,malicious
http://realmicrosoft.biz/verify.php,malicious
http://netflix-service.site/verify,malicious
http://googleapp.online/verify?token=abc123,malicious
http://whatsapponline.online/verify,malicious
http://ebay-account.tk/confirm/identity,malicious
http://google-account.org/update,malicious
http://wellsfargo-account.cf/account/suspended,malicious
http://wllsfargo.site/login?redirect=true,malicious
http://amaz0n-login.tk/signin,malicious
http://in5tagram.ga/billing/update,malicious
http://spotify-help.ga/signin.php,malicious
http://ebay-help.ml/account/suspended,malicious
http://service-linkedin.ml/auth,malicious
http://185.220.215.94/facebook/login,malicious
http://whatsapp-alert.tk/signin.php,malicious
http://best-bankofamerica.site/account/suspended,malicious
http://accessmastercard.xyz/security/check,malicious
http://reward-visa.xyz/update,malicious
http://thefacebook.ml/update,malicious
http://instagram.xyz/auth,malicious
http://locked-dropbox.club/login.php,malicious
http://myapple.cf/login.php,malicious
http://paypal-secure-help.xyz/verify?token=abc123,malicious
http://access-dropbox.net/login.php,malicious
http://ebay-locked.site/account/verify,malicious
http://spotify-care.online/secure/login,malicious
http://netflix-update.org/account/suspended,malicious
http://whatsapp-center.tk/billing/update,malicious
http://linkeddin.site/billing/update,malicious
http://billing-chase.cf/auth,malicious
http://linkedinn.cf/update,malicious
http://safe-google.online/account/suspended,malicious
http://facebook-billing.net/security/check,malicious
http://adobeapp.biz/verify,malicious
http://whatspp.info/signin.php,malicious
http://help-wellsfargo.ga/verify,malicious
http://google-recover.online/verify.php,malicious
http://unlock-paypal.info/login?redirect=true,malicious
http://netfl!x-login.info/payment/verify,malicious
http://facebook-secure-warning.gq/verify.php,malicious
http://bankofamericasignin.site/signin,malicious
http://service-bankofamerica.ga/account/suspended,malicious
http://official-visa.tk/security/check,malicious
http://ebay-update.info/billing/update,malicious
http://google-refund.xyz/confirm/identity,malicious
http://visaservice.info/update,malicious
http://linkedin-validation.site/account/verify,malicious
http://dropbox-security.cf/login,malicious
http://apple-warning.net/confirm/identity,malicious
http://get-twitter.ga/secure/login,malicious
http://dropbox-secure-help.online/confirm,malicious
http://banking-microsoft.org/update/account,malicious
http://twittr.xyz/billing/update,malicious
http://what$app.gq/account,malicious
http://wellsfargo-support.club/login.php,malicious
http://instagramonline.info/login,malicious
http://v1sa-login.top/verify,malicious
http://wellsfargo-secure-alert.site/signin,malicious
http://micr0soft.net/auth,malicious
http://amazon-unlock.site/payment/verify,malicious
http://what5app.xyz/auth,malicious
http://linkedin-auth.top/verify?token=abc123,malicious
http://appl3-login.xyz/verify?token=abc123,malicious
http://whatsapp-secure-suspend.org/verify.php,malicious
http://netflix-portal.ga/secure,malicious
http://whatsapp-update.info/signin.php,malicious
http://warning-netflix.tk/update/account,malicious
http://amazon-banking.ml/signin,malicious
http://google.login-verify.gq/login?redirect=true,malicious
http://reward-google.online/account/verify,malicious
http://linkedin.security-check.gq/confirm,malicious
http://paypal-service.club/update,malicious
http://spotify-reward.org/payment/verify,malicious
http://instagram-secure-billing.net/login?redirect=true,malicious
http://adobe-alert.top/account/suspended,malicious
http://dropbox.account-update.gq/login?redirect=true,malicious
http://security-bankofamerica.tk/login.php,malicious
http://netflix-care.gq/security/check,malicious
http://twitter-confirm.net/login,malicious
http://paypal-confirm.ml/billing/update,malicious
http://safeapple.xyz/secure,malicious
http://microsoft-reward.xyz/account,malicious
http://1nstagram.tk/secure/login,malicious
http://ebayservice.biz/security/check,malicious
http://google-manage.cf/login?redirect=true,malicious
http://twitter-warning.ga/login.php,malicious
http://b4nkofamerica-login.cf/account/suspended,malicious
http://help-instagram.biz/login.php,malicious
http://1inkedin.top/signin.php,malicious
http://adobe-portal.top/billing/update,malicious
http://paaypal.online/verify.php,malicious
http://center-facebook.gq/auth,malicious
http://account-mastercard.online/secure/login,malicious
http://netflix-refund.tk/signin,malicious
http://chase-login.top/confirm,malicious
http://netflix-payment.ml/confirm/identity,malicious
http://amazon-signin.site/confirm,malicious
http://whatsapp-access.info/confirm/identity,malicious
http://adobe-manage.cf/account/suspended,malicious
http://wellsf4rgo-login.biz/login?redirect=true,malicious
http://visa-validation.org/payment/verify,malicious
http://wellsfargo-secure-help.xyz/payment/verify,malicious
http://the-linkedin.site/update,malicious
http://mas7ercard-login.club/secure,malicious
http://twitter-refund.club/account/verify,malicious
http://spotiffy.ga/account/suspended,malicious
http://visa-billing.xyz/login?redirect=true,malicious
http://twitter-payment.xyz/verify?token=abc123,malicious
http://1inkedin-login.top/secure,malicious
http://netflix.phishing-site.gq/account/verify,malicious
http://vis4.cf/login?redirect=true,malicious
http://wellsfargo-secure.xyz/account/suspended,malicious
http://facebook-access.gq/signin,malicious
http://real-twitter.biz/login.php,malicious
http://applesafe.cf/secure,malicious
http://amazon-alert.ml/auth,malicious
http://p4ypal-login.org/confirm,malicious
http://fac3book-login.info/payment/verify,malicious
http://instagram-alert.online/auth,malicious
http://safe-microsoft.info/login,malicious
http://bankofamerica-login.tk/account/verify,malicious
http://instagramportal.ga/update,malicious
http://spot!fy-login.ml/account/suspended,malicious
http://bankofamerica-support.net/confirm/identity,malicious
http://v!sa-login.gq/account/verify,malicious
http://theadobe.gq/security/check,malicious
http://spotify-notification.org/confirm/identity,malicious
http://whatsapp-refund.ga/signin,malicious
http://getamazon.info/signin,malicious
http://apple-secure-help.ga/auth,malicious
http://instagram-secure-validation.org/confirm,malicious
http://welllsfargo.tk/login?redirect=true,malicious
http://wellsfargo-online.club/update,malicious
http://linkedin-secure.biz/billing/update,malicious
http://validation-microsoft.net/account,malicious
http://billing-chase.online/login,malicious
http://netflix.cf/account,malicious
http://portal-chase.info/update,malicious
http://microsof7.top/secure,malicious
http://bankofamerica-account.org/account/verify,malicious
http://signin-whatsapp.info/signin.php,malicious
http://185.220.152.12/microsoft/update,malicious
http://verifynetflix.club/verify.php,malicious
http://whtsapp.tk/login?redirect=true,malicious
http://security-ebay.club/secure,malicious
http://ebay-recover.cf/verify,malicious
http://dropbox.gq/verify,malicious
http://microsoft.phishing-site.ga/confirm/identity,malicious
http://faceb0ok.org/secure,malicious
http://vissa.tk/verify,malicious
http://bestspotify.org/auth,malicious
http://google-payment.club/account/verify,malicious
http://dropbox-account.ml/security/check,malicious
http://faceboook.biz/login.php,malicious
http://validation-apple.ml/account,malicious
http://mastercard-billing.gq/verify,malicious
http://spotifyservice.cf/payment/verify,malicious
http://adobe-portal.top/account,malicious
http://twitter-banking.ga/secure,malicious
http://alert-whatsapp.ml/secure/login,malicious
http://netflix-notification.club/billing/update,malicious
http://amazon-suspend.cf/confirm/identity,malicious
http://twitteraccess.info/payment/verify,malicious
http://inst@gram-login.net/account/suspended,malicious
http://netflix-validation.info/account/suspended,malicious
http://ebay-service.info/verify.php,malicious
http://notification-facebook.cf/update/account,malicious
http://bankofamerica-payment.gq/account,malicious
http://getadobe.tk/login?redirect=true,malicious
http://google-secure-suspend.info/login?redirect=true,malicious
http://googlee.org/verify,malicious
http://instagramservice.gq/billing/update,malicious
http://whatsapp-confirm.site/update/account,malicious
http://chase.ga/signin,malicious
http://microsoft-access.cf/account/verify,malicious
http://facebook-reward.xyz/verify.php,malicious
http://netflix-secure-warning.club/verify.php,malicious
http://chase.secure-login.xyz/update/account,malicious
http://linkedin-verify.ga/verify.php,malicious
http://realwellsfargo.gq/account/suspended,malicious
http://safeamazon.club/secure,malicious
http://eb@y-login.net/signin,malicious
http://adobbe.gq/confirm,malicious
http://micro5oft.org/account/suspended,malicious
http://access-mastercard.xyz/billing/update,malicious
http://support-whatsapp.xyz/update/account,malicious
http://netflix-secure-center.gq/signin,malicious
http://googl3.xyz/confirm,malicious
http://best-wellsfargo.info/confirm/identity,malicious
http://spotify-support.ml/confirm/identity,malicious
http://mastercard-center.xyz/account/suspended,malicious
http://ntflix.org/confirm/identity,malicious
http://wellsfargo-warning.biz/account,malicious
http://paypal-alert.ml/security/check,malicious
http://paypal-suspend.tk/verify.php,malicious
http://linkedin-manage.ml/account,malicious
http://instagram-portal.online/billing/update,malicious
http://facebook-update.ga/account/suspended,malicious
http://mastercard-refund.biz/security/check,malicious
http://bestchase.top/signin,malicious
http://v!sa.site/auth,malicious
http://faebook.top/auth,malicious
http://netflix-help.info/signin.php,malicious
http://v1sa-login.ga/security/check,malicious
http://paypal-online.org/billing/update,malicious
http://adobe-update.gq/login?redirect=true,malicious
http://google-auth.net/login.php,malicious
http://paypal-secure-alert.ml/auth,malicious
http://sp0tify-login.tk/verify.php,malicious
http://apple.ga/secure/login,malicious
http://mas7ercard.org/auth,malicious
http://access-netflix.cf/login,malicious
http://tw1tter.net/update,malicious
http://visa-banking.top/confirm/identity,malicious
http://paypal-locked.gq/security/check,malicious
http://b4nkofamerica.top/update,malicious
http://google-signin.tk/login,malicious
http://bankofamerica.tk/billing/update,malicious
http://wellssfargo.xyz/auth,malicious
http://f4cebook-login.gq/account,malicious
http://get-amazon.info/login.php,malicious
http://verify-facebook.tk/secure,malicious
http://bankofamerica-recover.tk/verify,malicious
http://4mazon.info/signin.php,malicious
http://linkedin-access.club/verify,malicious
http://spotify-service.ga/auth,malicious
http://paypal-refund.ml/payment/verify,malicious
http://mastercard-verify.info/payment/verify,malicious
http://spotify-secure.ml/update,malicious
http://chase-online.tk/update/account,malicious
http://instagrram.online/verify?token=abc123,malicious
http://apple-security.site/verify.php,malicious
http://linkedin-portal.xyz/account/suspended,malicious
http://instagram-secure-help.site/login,malicious
http://whatsapp-warning.xyz/confirm,malicious
http://apple-verify.top/update,malicious
http://amazonaccess.ml/confirm,malicious
http://amaz0n-login.ga/confirm,malicious
http://amazon.security-check.ga/signin.php,malicious
http://facebook-service.site/signin,malicious
http://cha$e-login.site/update/account,malicious
http://instagram-locked.ml/secure,malicious
http://ma$tercard-login.info/verify,malicious
http://m1crosoft-login.online/account/suspended,malicious
http://visa-secure-suspend.ml/verify?token=abc123,malicious
http://billing-visa.info/login?redirect=true,malicious
http://banking-google.cf/secure/login,malicious
http://l!nkedin.tk/account/suspended,malicious
http://netflix-banking.club/secure,malicious
http://visa-secure-billing.biz/signin.php,malicious
http://m1crosoft-login.info/auth,malicious
http://google-help.biz/account,malicious
http://tw!tter.gq/login?redirect=true,malicious
http://ebay-refund.info/account/suspended,malicious
http://chase-refund.biz/billing/update,malicious
http://@dobe-login.xyz/auth,malicious
http://wellsfargo-access.gq/payment/verify,malicious
http://adobe-unlock.club/account/suspended,malicious
http://mastercard-secure-manage.net/update/account,malicious
http://netfl1x.top/payment/verify,malicious
http://wellsfargo-secure-billing.ml/confirm/identity,malicious
http://gettwitter.ga/secure,malicious
http://amazon-verify.ml/verify,malicious
http://visa-login.xyz/secure,malicious
http://linkedin-validation.cf/payment/verify,malicious
http://theamazon.ga/login,malicious
http://chaase.ml/login?redirect=true,malicious
http://microsoft-unlock.top/update,malicious
http://apple-alert.top/account/suspended,malicious
http://wellsf4rgo-login.site/account/verify,malicious
http://bankofamerica-portal.org/account/suspended,malicious
http://4mazon-login.biz/verify?token=abc123,malicious
http://instagram-portal.biz/account/verify,malicious
http://ebay-manage.tk/auth,malicious
http://twitterr.online/login,malicious
http://wellsfargoo.cf/account/suspended,malicious
http://notification-wellsfargo.info/account,malicious
http://whatsapp-billing.biz/login?redirect=true,malicious
http://chaseapp.biz/auth,malicious
http://dropbox-secure-alert.top/confirm/identity,malicious
http://chase-login.top/account,malicious
http://wellsfargo-recover.ga/login?redirect=true,malicious
http://paypal-update.tk/payment/verify,malicious
http://amazon-alert.xyz/signin,malicious
http://wellsfargo-unlock.club/login,malicious
http://visaaccess.club/verify.php,malicious
http://visa-suspend.xyz/login,malicious
http://facebook-care.gq/update,malicious
http://dropbox-verify.online/login,malicious
http://linkdin.cf/account,malicious
http://wellsfargo-secure-suspend.info/login?redirect=true,malicious
http://netflix-app.xyz/signin.php,malicious
http://adobe-security.ml/verify.php,malicious
http://payment-spotify.club/update,malicious
http://suspend-google.net/login,malicious
http://adobe-alert.net/auth,malicious
http://verifychase.net/confirm,malicious
http://v1sa.online/payment/verify,malicious
http://!nstagram-login.biz/secure,malicious
http://visaonline.ga/confirm/identity,malicious
http://dropboxsignin.net/secure/login,malicious
http://appl3.net/verify?token=abc123,malicious
http://refund-microsoft.info/update,malicious
http://chase-secure.net/account/suspended,malicious
http://recover-google.ml/login.php,malicious
http://warning-twitter.cf/account/verify,malicious
http://chasee.info/account,malicious
http://ebay-login.online/confirm/identity,malicious
http://paypal-auth.cf/login?redirect=true,malicious
http://linkedin-banking.club/confirm,malicious
http://mastercard-secure-help.gq/verify,malicious
http://faceboook.ga/login,malicious
http://twitter-verify.club/payment/verify,malicious
http://spotify-secure-validation.top/signin.php,malicious
http://chase.ml/verify?token=abc123,malicious
http://amazon-warning.ml/verify.php,malicious
http://paypalhelp.club/security/check,malicious
http://wellsfargo-secure-validation.site/billing/update,malicious
http://facebook-login.site/payment/verify,malicious
http://help-apple.info/confirm/identity,malicious
http://instagram-update.info/signin.php,malicious
http://mastercard-secure-warning.ml/signin,malicious
http://update-whatsapp.online/login?redirect=true,malicious
http://google-update.club/signin,malicious
http://whatsapp-access.club/login?redirect=true,malicious
http://twitter-recover.biz/confirm/identity,malicious
http://google-signin.net/confirm,malicious
http://paypal-secure-billing.net/verify,malicious
http://center-visa.tk/billing/update,malicious
http://b@nkofamerica.tk/billing/update,malicious
http://my-dropbox.club/signin.php,malicious
http://ad0be-login.xyz/update,malicious
http://f@cebook.ga/account/suspended,malicious
http://p4ypal.biz/payment/verify,malicious
http://twitter-web.online/update/account,malicious
http://adobe.phishing-site.top/verify.php,malicious
http://amaz0n.ga/signin.php,malicious
http://apple-secure-alert.org/secure/login,malicious
http://5potify-login.net/security/check,malicious
http://ins7agram.gq/security/check,malicious
http://f@cebook-login.net/verify,malicious
http://spotify-notification.net/account/suspended,malicious
http://bankoamerica.ga/signin.php,malicious
http://center-linkedin.cf/security/check,malicious
http://netflix-access.tk/security/check,malicious
http://chase-manage.club/secure,malicious
http://wellsfargo-center.biz/confirm/identity,malicious
http://drobox.ga/account/suspended,malicious
http://access-facebook.org/verify.php,malicious
http://chase-validation.ga/verify.php,malicious
http://paypal-center.cf/verify,malicious
http://whatsapp-auth.xyz/signin,malicious
http://official-chase.cf/account,malicious
http://spotfy.online/verify?token=abc123,malicious
http://billing-dropbox.tk/verify?token=abc123,malicious
http://bankkofamerica.tk/confirm/identity,malicious
http://visa-secure.ml/confirm,malicious
http://chaseverify.info/login.php,malicious
http://spotify-help.biz/security/check,malicious
http://microsoft.account-update.online/confirm,malicious
http://dropbox.login-verify.club/login.php,malicious
http://tw!tter.xyz/confirm/identity,malicious
http://mastercard-unlock.ml/secure/login,malicious
http://185.220.83.16/paypal/login,malicious
http://ebay-recover.net/account,malicious
http://linkedinaccess.xyz/login.php,malicious
http://apple-unlock.info/login?redirect=true,malicious
http://manage-bankofamerica.club/signin,malicious
http://twitter-account.cf/login,malicious
http://mastercard-suspend.net/login?redirect=true,malicious
http://linkedinaccess.gq/login.php,malicious
http://1inkedin-login.cf/verify?token=abc123,malicious
http://account-paypal.info/secure/login,malicious
http://instagram-secure-billing.online/update,malicious
http://linkedin-alert.org/billing/update,malicious
http://netfllix.online/verify,malicious
http://dropbox-secure-warning.site/account/verify,malicious
http://facebook.xyz/verify?token=abc123,malicious
http://secure-paypal.online/billing/update,malicious
http://ebay-access.org/verify.php,malicious
http://signinbankofamerica.ga/verify.php,malicious
http://free-mastercard.gq/login.php,malicious
http://amaazon.ga/secure,malicious
http://getebay.gq/payment/verify,malicious
http://adobe-service.xyz/secure/login,malicious
http://spotify-locked.ga/billing/update,malicious
http://mastercard-web.ml/confirm/identity,malicious
http://dropbox-verify.ga/update,malicious
http://p@ypal.org/account/suspended,malicious
http://linkedin-unlock.top/payment/verify,malicious
http://twitter-secure-center.ml/verify?token=abc123,malicious
http://amazonverify.org/login?redirect=true,malicious
http://help-microsoft.org/secure,malicious
http://linkedin.ga/login?redirect=true,malicious
http://spotify-verify.org/update/account,malicious
http://twitter-payment.ml/confirm,malicious
http://inst4gram.cf/secure/login,malicious
http://adobe-portal.xyz/login,malicious
http://well$fargo.online/update/account,malicious
http://facebook-locked.cf/signin.php,malicious
http://bankofamerica-portal.tk/secure/login,malicious
http://192.168.227.181/microsoft/update,malicious
http://m4stercard.biz/verify.php,malicious
http://ppaypal.info/secure/login,malicious
http://dropbox.id-verify.xyz/billing/update,malicious
http://microsof7-login.gq/login.php,malicious
http://@dobe-login.site/verify,malicious
http://mastercard-support.site/login.php,malicious
http://support-amazon.info/login,malicious
http://account-spotify.biz/login.php,malicious
http://adobe-support.cf/update,malicious
http://ebay-secure-alert.net/verify?token=abc123,malicious
http://recover-mastercard.online/security/check,malicious
http://netflix-locked.cf/security/check,malicious
http://paypal-secure-suspend.xyz/confirm,malicious
http://netflix-signin.tk/account/suspended,malicious
http://bankofamerica-online.biz/verify,malicious
http://bankofamerica-confirm.info/billing/update,malicious
http://adobe-secure-billing.org/confirm,malicious
http://wellsfargo-secure.ml/login?redirect=true,malicious
http://unlock-amazon.ga/confirm/identity,malicious
http://mastercard-support.ml/confirm/identity,malicious
http://visa-alert.club/update/account,malicious
http://validation-google.tk/login?redirect=true,malicious
http://whatsapp-secure-billing.ml/payment/verify,malicious
http://instagram-notification.net/secure,malicious
http://cha$e-login.tk/signin,malicious
http://portal-google.top/auth,malicious
http://bankofamerica-secure-help.club/security/check,malicious
http://vis4-login.site/signin,malicious
http://chas3.site/billing/update,malicious
http://linkedin.verify-now.net/update/account,malicious
http://validation-twitter.biz/verify.php,malicious
http://netfflix.net/account,malicious
http://bank0famerica.cf/auth,malicious
http://bankofameica.ga/account/suspended,malicious
http://microsoft-verify.net/verify?token=abc123,malicious
http://bankofamerica-billing.top/confirm/identity,malicious
http://ebay-support.top/billing/update,malicious
http://mastercard-alert.tk/billing/update,malicious
http://ebay-reward.site/verify,malicious
http://securepaypal.net/secure,malicious
http://linkedin-alert.site/login.php,malicious
http://suspend-netflix.biz/payment/verify,malicious
http://adobe-secure.club/confirm,malicious
http://twitter-suspend.online/account/suspended,malicious
http://facebook-help.site/billing/update,malicious
http://spotifysupport.cf/verify.php,malicious
http://facebook-secure-alert.ml/confirm,malicious
http://bankofamerica.ga/verify?token=abc123,malicious
http://netflix.gq/signin,malicious
http://cha5e.tk/login?redirect=true,malicious
http://ebay-validation.net/auth,malicious
http://mastercardsafe.ga/verify,malicious
http://facebook-banking.online/auth,malicious
http://ebay-unlock.cf/confirm,malicious
http://facebook-signin.net/login,malicious
http://apple-care.site/confirm/identity,malicious
http://googlesecure.ga/confirm/identity,malicious
http://payppal.cf/login?redirect=true,malicious
http://notification-microsoft.cf/verify,malicious
http://drropbox.top/verify?token=abc123,malicious
http://apple-care.ml/confirm/identity,malicious
http://faceb0ok.ml/confirm/identity,malicious
http://spotify-auth.cf/login.php,malicious
http://mastercard-security.online/update,malicious
http://netflix-recover.biz/secure/login,malicious
http://amazonaccess.xyz/update/account,malicious
http://bestmicrosoft.info/secure/login,malicious
http://linkedin-confirm.ml/update,malicious
http://adob3.top/verify.php,malicious
http://whatsapp-access.ml/verify.php,malicious
http://locked-instagram.xyz/account/suspended,malicious
http://signinwhatsapp.ga/account/verify,malicious
http://security-google.online/verify?token=abc123,malicious
http://linkedin-locked.tk/verify.php,malicious
http://help-netflix.site/login.php,malicious
http://v1sa.ga/account/verify,malicious
http://bankofamerica-signin.site/verify.php,malicious
http://adobe.xyz/confirm,malicious
http://loginfacebook.org/verify,malicious
http://google-verify.net/update/account,malicious
http://amaon.cf/confirm,malicious
http://linkedin-portal.biz/verify.php,malicious
http://g0ogle.net/account/verify,malicious
http://linnkedin.org/secure/login,malicious
http://paypal-service.gq/account/verify,malicious
http://goog1e-login.biz/verify?token=abc123,malicious
http://facebookapp.biz/secure,malicious
http://chaseonline.online/verify?token=abc123,malicious
http://ebay-verify.org/account/verify,malicious
http://paypl.online/update/account,malicious
http://mastercardaccount.club/signin,malicious
http://spotify-confirm.net/account/verify,malicious
http://g0ogle-login.site/account,malicious
http://microsoft-access.club/auth,malicious
http://google-help.ml/billing/update,malicious
http://wellsfargosignin.site/secure/login,malicious
http://ddropbox.tk/payment/verify,malicious
http://microsoft.xyz/login.php,malicious
http://mastercard-verify.gq/verify,malicious
http://ebay-manage.top/confirm/identity,malicious
http://amazonn.org/confirm,malicious
http://linkedin.suspended-account.ml/account,malicious
http://spotify-warning.top/payment/verify,malicious
http://instaagram.biz/update,malicious
http://getgoogle.xyz/secure,malicious
http://instagram-care.xyz/update,malicious
http://amazon-security.net/billing/update,malicious
http://netflix-billing.cf/auth,malicious
http://netflix-login.tk/account/verify,malicious
http://bankofameerica.ml/secure,malicious
http://adob3-login.info/update,malicious
http://facebook-payment.site/login.php,malicious
http://whatsappverify.xyz/account,malicious
http://netflix-verify.xyz/account,malicious
http://center-whatsapp.cf/payment/verify,malicious
http://getnetflix.top/confirm,malicious
http://whatsapp-secure.tk/secure/login,malicious
http://wellsfargo-secure-warning.online/verify.php,malicious
http://mastercarrd.club/verify?token=abc123,malicious
http://signin-chase.net/verify?token=abc123,malicious
http://facebook.tk/confirm,malicious
http://apple.suspended-account.club/payment/verify,malicious
http://wellsfargo.login-verify.xyz/account,malicious
http://whatsaapp.info/signin,malicious
http://signindropbox.org/account/suspended,malicious
http://linkedin-suspend.info/secure/login,malicious
http://faacebook.org/signin.php,malicious
http://ebayy.tk/signin,malicious
http://twitter-secure-warning.org/signin.php,malicious
http://instagram-security.online/update,malicious
http://microsoft-manage.info/login,malicious
http://locked-chase.biz/verify.php,malicious
http://reward-google.top/update/account,malicious
http://chase-suspend.xyz/signin,malicious
http://google-secure-validation.xyz/auth,malicious
http://chase.security-check.ml/verify.php,malicious
http://ch@se-login.top/verify?token=abc123,malicious
http://chase-web.org/payment/verify,malicious
http://instagrm.biz/verify?token=abc123,malicious
http://help-spotify.info/secure/login,malicious
http://well5fargo-login.ga/login.php,malicious
http://facebook-access.ga/update,malicious
http://whatsapp-web.online/verify,malicious
http://apple-support.ml/payment/verify,malicious
http://mastercard-reward.org/payment/verify,malicious
http://visa-suspend.biz/verify,malicious
http://wellsfargo-recover.site/payment/verify,malicious
http://wh4tsapp-login.tk/secure/login,malicious
http://microsoft-payment.biz/verify?token=abc123,malicious
http://microsoft-notification.xyz/billing/update,malicious
http://amazonsafe.club/secure/login,malicious
http://mastercrd.ml/secure/login,malicious
http://bankofamerica-warning.tk/verify?token=abc123,malicious
http://apple-unlock.gq/payment/verify,malicious
http://linkeedin.top/auth,malicious
http://wha7sapp-login.ml/confirm/identity,malicious
http://instagram-secure-manage.online/payment/verify,malicious
http://secure-twitter.club/verify?token=abc123,malicious
http://linkedin-recover.top/update,malicious
http://signin-whatsapp.ml/verify,malicious
http://twitter.account-update.xyz/account/verify,malicious
http://instagram-login.ga/account/verify,malicious
http://amazon-account.site/auth,malicious
http://twitter-secure-validation.biz/billing/update,malicious
http://paypal-signin.tk/verify.php,malicious
http://thewellsfargo.club/signin,malicious
http://goole.cf/login?redirect=true,malicious
http://netfflix.ml/login.php,malicious
http://mastercard.phishing-site.ga/account/suspended,malicious
http://mastercard-suspend.cf/account/verify,malicious
http://twitter-locked.site/verify?token=abc123,malicious
http://access-netflix.ga/signin,malicious
http://chase-banking.org/auth,malicious
http://paypal-center.xyz/login.php,malicious
http://instagram-confirm.top/security/check,malicious
http://apple-service.ga/account/suspended,malicious
http://confirm-wellsfargo.cf/verify.php,malicious
http://facebook.verify-now.top/account/verify,malicious
http://twitter-alert.tk/confirm,malicious
http://mastercard-secure-suspend.xyz/confirm/identity,malicious
http://mastercardlogin.site/update/account,malicious
http://eebay.ga/account,malicious
http://real-wellsfargo.gq/verify.php,malicious
http://spotify-signin.cf/update/account,malicious
http://mastercaard.net/auth,malicious
http://ebay-support.org/signin,malicious
http://apple-refund.club/account/suspended,malicious
http://wellsfargo.ga/auth,malicious
http://ebay-care.org/billing/update,malicious
http://googlesafe.info/secure,malicious
http://google-secure-warning.biz/confirm,malicious
http://dropbox-login.biz/signin.php,malicious
http://chase-center.tk/login?redirect=true,malicious
http://masterard.xyz/confirm,malicious
http://signin-bankofamerica.ga/secure/login,malicious
http://ebayaccess.cf/billing/update,malicious
http://twitt3r-login.xyz/security/check,malicious
http://google-security.top/update,malicious
http://ch@se.top/confirm,malicious
http://bankofamerica-care.cf/verify,malicious
http://4mazon-login.site/login,malicious
http://wellsfar9o.site/security/check,malicious
http://wellsfargo-care.club/account/suspended,malicious
http://bankofamrica.ga/login.php,malicious
http://apple-safe.cf/confirm,malicious
http://thewellsfargo.net/secure,malicious
http://signin-dropbox.ga/account,malicious
http://masttercard.gq/secure/login,malicious
http://chase-secure-suspend.online/update,malicious
http://adobe-secure-alert.net/security/check,malicious
http://linkedin-account.gq/login?redirect=true,malicious
http://micrrosoft.site/verify.php,malicious
http://mytwitter.top/confirm/identity,malicious
http://l1nkedin.info/security/check,malicious
http://linkedinportal.info/verify?token=abc123,malicious
http://online-visa.ml/update,malicious
http://amazon-recover.tk/update,malicious
http://microsoft-center.tk/account/suspended,malicious
http://p4ypal.org/confirm,malicious
http://bankofamerica-account.ga/confirm/identity,malicious
http://mmastercard.xyz/signin.php,malicious
http://notification-chase.site/login,malicious
http://paypal.gq/verify.php,malicious
http://wellsfargo-signin.site/verify.php,malicious
http://gooogle.net/confirm/identity,malicious
http://microsoft-secure-center.info/billing/update,malicious
http://bankofamerica-portal.club/verify,malicious
http://adob3.info/account/suspended,malicious
http://googlesupport.gq/secure,malicious
http://spotify-banking.xyz/billing/update,malicious
http://alert-paypal.cf/verify.php,malicious
http://payment-visa.site/login?redirect=true,malicious
http://twiitter.tk/secure,malicious
http://linkeedin.ml/payment/verify,malicious
http://portal-whatsapp.ml/account,malicious
http://realinstagram.online/verify?token=abc123,malicious
http://signin-whatsapp.ga/signin,malicious
http://paypal-account.tk/account/suspended,malicious
http://wellsfargo-account.club/login.php,malicious
http://access-spotify.club/auth,malicious
http://chase-login.biz/account/suspended,malicious
http://chase-app.top/account/suspended,malicious
http://mastercard-locked.site/confirm/identity,malicious
http://vis@.ml/security/check,malicious
http://mast3rcard-login.ga/secure,malicious
http://themastercard.xyz/update/account,malicious
http://netflix-secure-manage.cf/update/account,malicious
http://netflix-refund.biz/signin,malicious
http://$potify-login.net/verify?token=abc123,malicious
http://ebay-banking.ga/signin.php,malicious
http://apple-notification.top/account/suspended,malicious
http://googleapp.top/update,malicious
http://netflix-secure-help.xyz/signin,malicious
http://liinkedin.org/update,malicious
http://wellsfargo-secure-suspend.top/auth,malicious
http://adobe-secure-suspend.biz/account/suspended,malicious
http://get-twitter.ml/account/suspended,malicious
http://dropbox-confirm.xyz/verify,malicious
http://verify-whatsapp.xyz/verify.php,malicious
http://instagram-secure-center.net/verify,malicious
http://google-suspend.biz/login.php,malicious
http://masterrcard.gq/login,malicious
http://netflix-confirm.cf/account/suspended,malicious
http://safe-whatsapp.ga/verify?token=abc123,malicious
http://amazon-verify.org/account,malicious
http://aapple.site/login.php,malicious
http://microsoft-confirm.site/signin.php,malicious
http://paypal.suspended-account.net/signin.php,malicious
http://paypalhelp.top/auth,malicious
http://dr0pbox.online/confirm/identity,malicious
http://dropbox-signin.site/update/account,malicious
http://auth-apple.gq/verify,malicious
http://netflix-alert.site/verify,malicious
http://service-apple.club/verify,malicious
http://twitter-service.online/verify?token=abc123,malicious
http://b4nkofamerica-login.top/secure/login,malicious
http://paypal-auth.ga/verify,malicious
http://wellsfargo-portal.site/signin,malicious
http://visa-secure-billing.xyz/update/account,malicious
http://apple-banking.ga/auth,malicious
http://adobe-banking.info/signin.php,malicious
http://faceb0ok-login.ml/verify.php,malicious
http://twitterhelp.xyz/login.php,malicious
http://facebook-support.ml/billing/update,malicious
http://whatsapp-payment.biz/update,malicious
http://chase-secure-help.online/account/verify,malicious
http://spotify-support.online/account/verify,malicious
http://security-mastercard.online/account/verify,malicious
http://microsoft-billing.ml/confirm,malicious
http://twitter-verify.ga/signin.php,malicious
http://bankofamerica-care.info/login?redirect=true,malicious
http://microsoft-secure-validation.gq/secure/login,malicious
http://amazon-locked.ga/auth,malicious
http://dropbox-auth.xyz/login.php,malicious
http://dropbox-service.top/security/check,malicious
http://amazon-auth.org/signin.php,malicious
http://securetwitter.club/verify,malicious
http://google-reward.gq/confirm,malicious
http://twitter-unlock.ml/payment/verify,malicious
http://ebay-auth.online/secure/login,malicious
http://facebbook.biz/verify?token=abc123,malicious
http://spot1fy-login.biz/auth,malicious
http://ebay.top/verify,malicious
http://netflix-secure.club/login,malicious
http://visa-secure-manage.biz/verify.php,malicious
http://facebook-security.org/confirm,malicious
http://cha$e-login.online/update/account,malicious
http://ebay-suspend.xyz/verify,malicious
http://wellsfargosignin.tk/signin.php,malicious
http://cchase.gq/update,malicious
http://ebay-reward.ml/update,malicious
http://chase-billing.org/security/check,malicious
http://nnetflix.ga/account,malicious
http://twiter.xyz/account,malicious
http://access-adobe.ml/verify,malicious
http://bankofamerica-recover.top/account/suspended,malicious
http://adobe-care.ga/login,malicious
http://wellsfargo-portal.biz/update,malicious
http://instagram-reward.xyz/confirm/identity,malicious
http://whatsapp-verify.online/billing/update,malicious
http://whatsapp-notification.net/login?redirect=true,malicious
http://twitter-notification.info/account/verify,malicious
http://dropbox-validation.gq/verify,malicious
http://paypal-secure-alert.info/login,malicious
http://microsoft-notification.online/verify.php,malicious
http://safe-ebay.cf/confirm/identity,malicious
http://facebookk.biz/verify,malicious
http://google-safe.info/login?redirect=true,malicious
http://instagram-secure.gq/login?redirect=true,malicious
http://drropbox.org/login?redirect=true,malicious
http://locked-wellsfargo.ga/login,malicious
http://login-linkedin.xyz/account,malicious
http://microsoft-manage.site/account,malicious
http://visa-locked.cf/account,malicious
http://myvisa.ga/signin.php,malicious
http://twitt3r.info/security/check,malicious
http://officialebay.site/login,malicious
http://mastecard.info/signin.php,malicious
http://chase-reward.gq/security/check,malicious
http://login-instagram.info/update,malicious
http://vis@-login.xyz/login.php,malicious
http://mastercard-account.ml/account,malicious
http://mastercard.ml/billing/update,malicious
http://netflix.ml/security/check,malicious
http://adobe-verify.site/update,malicious
http://dropbox-manage.ga/verify,malicious
http://apple-support.net/update/account,malicious
http://facebook-secure-help.org/security/check,malicious
http://microsoft-locked.ga/update,malicious
http://visa-reward.xyz/confirm/identity,malicious
http://bankofaerica.ml/verify.php,malicious
http://dropbox-secure-billing.club/account/verify,malicious
http://dropbox.ml/account/suspended,malicious
http://signin-ebay.ml/payment/verify,malicious
http://f4cebook-login.tk/verify?token=abc123,malicious
http://locked-whatsapp.net/login?redirect=true,malicious
http://dropbox-notification.top/secure/login,malicious
http://dropbox-help.org/login?redirect=true,malicious
http://wh4tsapp.tk/login.php,malicious
http://apple-warning.info/billing/update,malicious
http://microsoft-locked.net/update/account,malicious
http://microsoft-validation.online/account,malicious
http://whatsapp-secure-billing.club/login,malicious
http://thewhatsapp.site/verify?token=abc123,malicious
http://case.gq/secure,malicious
http://signin-ebay.tk/confirm,malicious
http://wellsfargo-service.ga/signin.php,malicious
http://bankoofamerica.site/confirm,malicious
http://bankofamerrica.org/account/verify,malicious
http://ebay-secure-validation.ml/billing/update,malicious
http://online-paypal.top/confirm,malicious
http://adobe-manage.site/security/check,malicious
http://instagram.security-check.ga/signin.php,malicious
http://facebook.cf/login.php,malicious
http://bestbankofamerica.site/verify.php,malicious
http://netflix-access.club/verify?token=abc123,malicious
http://chase-secure.ga/verify?token=abc123,malicious
http://service-dropbox.org/security/check,malicious
http://linkedin-banking.online/login.php,malicious
http://paypal-unlock.cf/secure/login,malicious
http://twitter-secure-help.club/confirm,malicious
http://appe.net/payment/verify,malicious
http://g0ogle-login.net/confirm/identity,malicious
http://paypal-confirm.xyz/login.php,malicious
http://mastercard-secure.org/account/verify,malicious
http://login-twitter.biz/security/check,malicious
http://what5app-login.xyz/billing/update,malicious
http://spotify-reward.online/update,malicious
http://reward-microsoft.org/account,malicious
http://ebay-unlock.gq/verify.php,malicious
http://microsoft-care.ga/account/verify,malicious
http://apple-auth.top/verify,malicious
http://viisa.gq/secure,malicious
http://ebayonline.site/confirm/identity,malicious
http://chase-center.xyz/signin.php,malicious
http://netflx.info/login,malicious
http://wellsfargo-secure-manage.tk/security/check,malicious
http://get-adobe.club/login,malicious
http://notification-whatsapp.club/account,malicious
http://adobeweb.cf/payment/verify,malicious
http://wellsfargosecure.info/verify,malicious
http://dropbox-suspend.biz/signin.php,malicious
http://payal.biz/security/check,malicious
http://mastercard-banking.biz/verify?token=abc123,malicious
http://verifywhatsapp.xyz/signin.php,malicious
http://micro5oft-login.org/billing/update,malicious
http://instagram-signin.gq/login.php,malicious
http://spot!fy.ga/account,malicious
http://mastercard-billing.info/account/suspended,malicious
http://the-whatsapp.club/login?redirect=true,malicious
http://visa-help.site/secure,malicious
http://signin-bankofamerica.ml/login,malicious
http://twitter-recover.site/update/account,malicious
http://linedin.biz/confirm,malicious
http://weellsfargo.ga/security/check,malicious
http://bankofam3rica-login.gq/billing/update,malicious
http://secure-wellsfargo.info/secure/login,malicious
http://adobe.login-verify.ga/billing/update,malicious
http://manage-apple.site/billing/update,malicious
http://mydropbox.club/verify?token=abc123,malicious
http://twittter.club/login,malicious
http://netflix-login.cf/billing/update,malicious
http://netfl1x-login.top/secure/login,malicious
http://manage-netflix.club/update,malicious
http://91.239.170.63/apple/id,malicious
http://secure-twitter.ga/confirm/identity,malicious
http://visa-app.ga/login.php,malicious
http://instagram-verify.online/confirm/identity,malicious
http://whatsapplogin.site/verify.php,malicious
http://banking-chase.tk/security/check,malicious
http://sptify.info/verify,malicious
http://apple-secure-manage.gq/account,malicious
http://microsoft-help.gq/account/suspended,malicious
http://twitter-unlock.top/account,malicious
http://ebay-login.top/account/suspended,malicious
http://ebay.tk/billing/update,malicious
http://paypal-signin.net/update/account,malicious
http://paypal-refund.info/verify?token=abc123,malicious
http://microosoft.org/security/check,malicious
http://apple-auth.cf/confirm,malicious
http://whatsapp-secure-validation.gq/account/suspended,malicious
http://center-spotify.xyz/signin,malicious
http://unlock-visa.gq/confirm/identity,malicious
http://facebook-help.net/confirm/identity,malicious
http://spot!fy-login.ga/verify,malicious
http://visa-access.ga/confirm/identity,malicious
http://apple-update.gq/login,malicious
http://linkedin-billing.ga/payment/verify,malicious
http://whatsapp-web.ga/account,malicious
http://safeapple.top/secure/login,malicious
http://apple-access.xyz/verify,malicious
http://spotify-update.club/payment/verify,malicious
http://amazon-verify.online/login?redirect=true,malicious
http://paypal-access.online/secure/login,malicious
http://micro5oft.biz/account/verify,malicious
http://chase-secure-validation.top/login?redirect=true,malicious
http://dropbox-verify.org/login?redirect=true,malicious
http://google-billing.top/signin.php,malicious
http://app1e-login.ga/secure/login,malicious
http://validation-visa.net/login?redirect=true,malicious
http://b4nkofamerica.site/billing/update,malicious
http://secure-twitter.ml/verify?token=abc123,malicious
http://spotify.suspended-account.gq/login?redirect=true,malicious
http://facebook-secure-suspend.ml/signin,malicious
http://bankofameriica.tk/verify?token=abc123,malicious
http://apple.account-update.org/payment/verify,malicious
http://paypal-portal.tk/payment/verify,malicious
http://ebay-auth.ga/secure,malicious
http://linkedin-help.info/auth,malicious
http://account-dropbox.online/security/check,malicious
http://visa-unlock.net/signin,malicious
http://loginlinkedin.biz/confirm/identity,malicious
http://online-apple.gq/update,malicious
http://whatsapp-online.online/confirm,malicious
http://chase-notification.biz/verify.php,malicious
http://wellsfargoonline.ml/signin.php,malicious
http://dropbox.security-check.net/account,malicious
http://amazon-portal.top/account/suspended,malicious
http://adobe-locked.top/confirm/identity,malicious
http://visa-auth.tk/verify.php,malicious
http://whatsapp-reward.tk/signin,malicious
http://wellsfaro.club/signin.php,malicious
http://loginfacebook.cf/login,malicious
http://microsoft-banking.gq/payment/verify,malicious
http://gogle.online/auth,malicious
http://microsoft-banking.site/signin,malicious
http://twitter-support.biz/confirm/identity,malicious
http://twitter-secure-warning.tk/signin.php,malicious
http://apple-recover.club/auth,malicious
http://payment-facebook.ml/billing/update,malicious
http://spotify-secure.net/security/check,malicious
http://twitter-locked.gq/billing/update,malicious
http://microsoftsignin.org/security/check,malicious
http://adobe-warning.gq/login?redirect=true,malicious
http://instagram-secure-warning.org/secure/login,malicious
http://ebay-secure.club/signin,malicious
http://mybankofamerica.ga/account,malicious
http://mastercard-update.biz/secure,malicious
http://inst4gram.biz/secure,malicious
http://realbankofamerica.site/billing/update,malicious
http://newgoogle.top/security/check,malicious
http://apple-billing.net/login?redirect=true,malicious
http://netflixportal.biz/signin.php,malicious
http://bankoffamerica.online/account/suspended,malicious
http://micosoft.ga/account/verify,malicious
http://netfl!x-login.site/signin,malicious
http://apple.login-verify.ga/payment/verify,malicious
http://service-instagram.xyz/verify?token=abc123,malicious
http://service-mastercard.net/auth,malicious
http://amazoon.cf/update/account,malicious
http://linkedin-refund.online/payment/verify,malicious
http://wellsfargo-secure.ga/verify.php,malicious
http://google-warning.club/update/account,malicious
http://facebook-secure.net/update,malicious
http://mastercard-signin.cf/account/verify,malicious
http://instagramonline.tk/signin.php,malicious
http://visa-support.org/account/suspended,malicious
http://apple-payment.club/verify.php,malicious
http://visa-update.xyz/verify.php,malicious
http://172.16.122.144/microsoft/update,malicious
http://adob3-login.top/verify,malicious
http://instagram-auth.org/account,malicious
http://spotify-secure-suspend.ga/update/account,malicious
http://chase-security.gq/security/check,malicious
http://real-apple.tk/account/verify,malicious
http://spoify.cf/verify.php,malicious
http://paypalweb.tk/account,malicious
http://chase-manage.site/billing/update,malicious
http://apple-manage.tk/secure/login,malicious
http://the-mastercard.xyz/verify?token=abc123,malicious
http://visaapp.ga/verify,malicious
http://google-payment.net/account/suspended,malicious
http://172.16.130.15/banking/secure,malicious
http://whatsapp-locked.top/verify.php,malicious
http://alert-adobe.online/account,malicious
http://google-secure.org/security/check,malicious
http://whatspp.biz/login?redirect=true,malicious
http://chase-payment.xyz/update/account,malicious
http://linkedin.xyz/security/check,malicious
http://visa-center.top/verify,malicious
http://twitter-care.ml/verify,malicious
http://192.168.118.10/paypal/login,malicious
http://chase-confirm.cf/login.php,malicious
http://real-twitter.online/confirm/identity,malicious
http://access-mastercard.org/verify?token=abc123,malicious
http://warning-visa.cf/verify?token=abc123,malicious
http://bankofamer1ca-login.gq/confirm/identity,malicious
http://account-amazon.site/confirm,malicious
http://google-service.tk/update/account,malicious
http://manage-adobe.ga/security/check,malicious
http://instagram-verify.cf/login.php,malicious
http://inst@gram.net/login,malicious
http://wellsffargo.ga/verify,malicious
http://instagram-center.tk/secure,malicious
http://well5fargo-login.top/account/suspended,malicious
http://vis4-login.cf/confirm/identity,malicious
http://microsoft.gq/account/suspended,malicious
http://amazon-portal.net/secure,malicious
http://ebay-secure-warning.online/secure,malicious
http://spotifyservice.club/login.php,malicious
http://bankofam3rica-login.cf/secure/login,malicious
http://adobe.top/login?redirect=true,malicious
http://microssoft.top/update,malicious
http://official-chase.online/confirm,malicious
http://free-bankofamerica.tk/account/verify,malicious
http://microsoft-service.club/confirm,malicious
http://spotify-secure-manage.site/update/account,malicious
http://microsoft-manage.top/verify.php,malicious
http://my-ebay.ml/login,malicious
http://ins7agram.ml/verify.php,malicious
http://onlineapple.gq/secure/login,malicious
http://google-confirm.cf/login.php,malicious
http://amazon.cf/update/account,malicious
http://whatsapp-account.ga/auth,malicious
http://paypa1-login.ml/update/account,malicious
http://mastercard-login.org/confirm/identity,malicious
http://m4stercard.ml/login?redirect=true,malicious
http://whatsapp-signin.online/update/account,malicious
http://adobe-secure-warning.net/confirm/identity,malicious
http://twtter.online/verify,malicious
http://google-access.tk/update,malicious
http://bankofamerrica.gq/account/suspended,malicious
http://getebay.online/confirm,malicious
http://sp0tify.club/login?redirect=true,malicious
http://google.xyz/signin.php,malicious
http://login-facebook.org/login?redirect=true,malicious
http://dropbox-refund.top/account/suspended,malicious
http://spotify-care.org/security/check,malicious
http://microsoft-refund.net/update/account,malicious
http://wellsfargo-secure-manage.xyz/verify?token=abc123,malicious
http://microoft.xyz/confirm,malicious
http://instagram-security.top/update,malicious
http://google-secure-alert.gq/login?redirect=true,malicious
http://ebaay.online/confirm,malicious
http://91.239.98.25/banking/secure,malicious
http://account-microsoft.club/secure,malicious
http://vissa.biz/auth,malicious
http://amazon-reward.xyz/verify.php,malicious
http://dropbox-notification.gq/payment/verify,malicious
http://bankofamerica-banking.biz/account/suspended,malicious
http://access-spotify.gq/account,malicious
http://visa-warning.tk/signin,malicious
http://login-apple.ga/billing/update,malicious
http://wellsfargo-access.info/verify.php,malicious
http://bankofamer1ca.gq/login?redirect=true,malicious
http://dropbox-access.org/billing/update,malicious
http://dropbox-help.tk/update,malicious
http://securewhatsapp.xyz/signin.php,malicious
http://google-login.xyz/verify,malicious
http://b4nkofamerica-login.site/signin,malicious
http://appple.xyz/update/account,malicious
http://netfix.ga/signin.php,malicious
http://twitter-refund.info/account,malicious
http://verify-chase.net/login,malicious
http://recover-google.tk/confirm,malicious
http://dropbox-confirm.gq/secure/login,malicious
http://whatsapp-login.site/confirm,malicious
http://4dobe.gq/auth,malicious
http://account-linkedin.ga/billing/update,malicious
http://amaazon.online/security/check,malicious
http://whatsapp-secure-validation.site/confirm,malicious
http://whatsapp-care.ml/account/suspended,malicious
http://apple-signin.org/verify?token=abc123,malicious
http://paypal-secure-warning.ga/confirm,malicious
http://get-netflix.gq/confirm,malicious
http://ebay-security.ml/payment/verify,malicious
http://adobe-unlock.online/verify?token=abc123,malicious
http://google-secure.cf/account,malicious
http://adobe-update.net/verify,malicious
http://warning-spotify.gq/verify.php,malicious
http://get-microsoft.ml/verify?token=abc123,malicious
http://google.secure-login.biz/account/verify,malicious
http://visa-unlock.xyz/account/verify,malicious
http://safe-paypal.xyz/verify,malicious
http://dropbox-login.gq/login,malicious
http://portal-facebook.ml/confirm,malicious
http://twiter.online/signin,malicious
http://adobe.gq/account/suspended,malicious
http://chase-care.online/login?redirect=true,malicious
http://instagram-center.online/verify,malicious
http://accessadobe.top/update/account,malicious
http://twitter-validation.net/signin,malicious
http://chase-warning.ml/login.php,malicious
http://netflix-security.top/signin.php,malicious
http://logininstagram.club/auth,malicious
http://m1crosoft.info/secure/login,malicious
http://dropbox-portal.org/account/suspended,malicious
http://wellsffargo.club/billing/update,malicious
http://chase-secure-alert.tk/secure,malicious
http://facebook-portal.gq/verify?token=abc123,malicious
http://bankofamerica.top/signin.php,malicious
http://twittr.top/confirm/identity,malicious
http://paypalportal.xyz/payment/verify,malicious
http://realbankofamerica.info/update,malicious
http://b@nkofamerica-login.tk/update/account,malicious
http://apple-reward.tk/security/check,malicious
http://locked-instagram.ml/confirm/identity,malicious
http://google.login-verify.org/payment/verify,malicious
http://whatsapp-login.site/signin.php,malicious
http://instagram-warning.site/verify?token=abc123,malicious
http://facebook-secure-warning.biz/update/account,malicious
http://n3tflix.ga/auth,malicious
http://aple.club/update,malicious
http://facebook-verify.gq/signin.php,malicious
http://whattsapp.online/verify.php,malicious
http://paypal-service.top/payment/verify,malicious
http://instagram-confirm.cf/account/verify,malicious
http://login-paypal.biz/signin.php,malicious
http://real-apple.xyz/signin.php,malicious
http://wellsfargo-center.ml/payment/verify,malicious
http://service-ebay.site/account/suspended,malicious
http://microsoft-login.ga/signin.php,malicious
http://spotify-secure.biz/login.php,malicious
http://netflix-reward.xyz/secure,malicious
http://ebay-banking.site/account/verify,malicious
http://instagram-service.ml/signin,malicious
http://facebook-recover.site/secure,malicious
http://adobeapp.ga/login?redirect=true,malicious
http://visalogin.info/account,malicious
http://ebay-service.info/login.php,malicious
http://facebook-warning.ga/update,malicious
http://spotify-signin.club/secure/login,malicious
http://ebay-confirm.xyz/verify?token=abc123,malicious
http://netflix-account.tk/verify,malicious
http://sp0tify.xyz/login.php,malicious
http://adbe.info/security/check,malicious
http://dropox.gq/secure/login,malicious
http://instagram-unlock.biz/account/verify,malicious
http://onlinepaypal.top/account/verify,malicious
http://linkedin-help.site/signin,malicious
http://chase-auth.ga/verify?token=abc123,malicious
http://titter.top/billing/update,malicious
http://amazzon.info/account,malicious
http://linkedin-center.net/signin.php,malicious
http://cha5e-login.online/verify?token=abc123,malicious
http://paypal-banking.top/signin.php,malicious
http://paypal-banking.ml/payment/verify,malicious
http://microsoft-account.biz/payment/verify,malicious
http://l!nkedin-login.tk/account/suspended,malicious
http://appl3.xyz/verify,malicious
http://recover-mastercard.ga/confirm,malicious
http://twitter-security.org/account/verify,malicious
http://dropbbox.ml/confirm,malicious
http://faceebook.top/confirm/identity,malicious
http://payment-dropbox.site/login?redirect=true,malicious
http://adobe-care.site/confirm,malicious
http://aazon.biz/verify.php,malicious
http://netflix-warning.club/account/suspended,malicious
http://l!nkedin.gq/secure,malicious
http://visa-reward.org/signin.php,malicious
http://vi$a-login.info/account/verify,malicious
http://twitter.verify-now.ml/login,malicious
http://vi$a-login.site/update,malicious
http://ebayy.xyz/secure,malicious
http://twitt3r.xyz/signin.php,malicious
http://chase-portal.site/signin,malicious
http://apple-signin.net/login?redirect=true,malicious
http://dropbox-support.net/login?redirect=true,malicious
http://spotify-secure-billing.ga/secure/login,malicious
http://ebay-secure-help.club/billing/update,malicious
http://visa-banking.tk/payment/verify,malicious
http://amzon.ml/auth,malicious
http://wellsfargo-refund.info/update,malicious
http://visa-secure-validation.ml/login?redirect=true,malicious
http://netfllix.ga/payment/verify,malicious
http://adobe-suspend.gq/secure,malicious
http://p@ypal.xyz/update,malicious
http://microsoft-secure-validation.top/account/verify,malicious
http://cha5e.org/account,malicious
http://apple-reward.top/login,malicious
http://spotify-secure-suspend.net/secure,malicious
http://visa-access.info/verify,malicious
http://whatsapp-secure-alert.site/billing/update,malicious
http://best-wellsfargo.ga/account/suspended,malicious
http://netflix-access.ga/verify.php,malicious
http://netflix-secure-billing.ml/verify?token=abc123,malicious
http://mastercard-unlock.net/login?redirect=true,malicious
http://officialnetflix.ga/login?redirect=true,malicious
http://unlock-spotify.biz/billing/update,malicious
http://mastecard.site/confirm/identity,malicious
http://instagram-secure.org/secure/login,malicious
http://microsot.ga/confirm/identity,malicious
http://microsoft-alert.ml/billing/update,malicious
http://mastercard-portal.net/verify?token=abc123,malicious
http://freemastercard.gq/account,malicious
http://wellsfargo-warning.site/secure,malicious
http://mast3rcard.online/payment/verify,malicious
http://realtwitter.online/confirm,malicious
http://spotify-locked.xyz/signin,malicious
http://getinstagram.net/signin,malicious
http://payment-chase.ml/secure/login,malicious
http://chase.top/secure,malicious
http://google-banking.tk/secure/login,malicious
http://twitter-support.ml/login?redirect=true,malicious
http://center-visa.online/billing/update,malicious
http://app1e.ga/account/suspended,malicious
http://$potify.top/account/verify,malicious
http://miicrosoft.net/update,malicious
http://google-service.net/account/verify,malicious
http://paypal.secure-login.gq/account/suspended,malicious
http://tw!tter-login.gq/confirm/identity,malicious
http://f@cebook.net/payment/verify,malicious
http://paypal-secure-billing.ga/signin.php,malicious
http://mastercard-manage.gq/verify.php,malicious
http://instagram-alert.top/login?redirect=true,malicious
http://masercard.xyz/login?redirect=true,malicious
http://facebook-warning.site/login,malicious
http://google-secure-help.gq/account/suspended,malicious
http://bnkofamerica.ga/signin.php,malicious
http://accessnetflix.cf/update/account,malicious
http://we1lsfargo-login.biz/confirm/identity,malicious
http://ebay-secure-warning.gq/billing/update,malicious
http://getmicrosoft.ga/confirm/identity,malicious
http://facebook-validation.xyz/login,malicious
http://chase-validation.site/billing/update,malicious
http://twitter-verify.org/confirm,malicious
http://dopbox.net/confirm/identity,malicious
http://visa.account-update.info/login,malicious
http://netflix-care.org/signin.php,malicious
http://netflix-portal.online/signin,malicious
http://amazon.account-update.site/verify,malicious
http://google-secure-billing.xyz/login,malicious
http://payment-google.org/verify?token=abc123,malicious
http://ebay-verify.tk/signin.php,malicious
http://netflix.secure-login.ml/update,malicious
http://faceb0ok.biz/signin,malicious
http://l1nkedin.site/security/check,malicious
http://security-mastercard.xyz/security/check,malicious
http://paypal.account-update.biz/update/account,malicious
http://spotify-alert.info/update,malicious
http://visa-update.tk/payment/verify,malicious
http://instagram-refund.club/login.php,malicious
http://dropbox-suspend.online/secure/login,malicious
http://linkedin-signin.cf/confirm/identity,malicious
http://mastercard-login.net/payment/verify,malicious
http://secure-adobe.ml/account/suspended,malicious
http://addobe.biz/billing/update,malicious
http://visa-locked.xyz/payment/verify,malicious
http://tw1tter.xyz/verify.php,malicious
http://baankofamerica.cf/secure/login,malicious
http://apple-manage.top/login,malicious
http://support-linkedin.cf/secure,malicious
http://realfacebook.gq/payment/verify,malicious
http://whatsapp-recover.net/login?redirect=true,malicious
http://login-adobe.top/update/account,malicious
http://wellsfarg0.top/account/verify,malicious
http://manage-visa.site/signin,malicious
http://google.account-update.ml/account/verify,malicious
http://google.phishing-site.online/security/check,malicious
http://m!crosoft.biz/update/account,malicious
http://amazonsafe.org/update,malicious
http://twitteraccess.club/confirm,malicious
http://mastercard-warning.xyz/account,malicious
http://realspotify.xyz/account/suspended,malicious
http://signininstagram.site/signin,malicious
http://bankofamerica-signin.cf/confirm/identity,malicious
http://twitter-update.net/secure,malicious
http://matercard.gq/verify,malicious
http://dropbox-security.info/secure,malicious
http://mastercard-secure-suspend.org/billing/update,malicious
http://facebook-confirm.club/secure/login,malicious
http://mastercard-account.org/auth,malicious
http://linkedin-web.site/signin.php,malicious
http://warning-chase.cf/verify.php,malicious
http://wellsfargo-confirm.site/payment/verify,malicious
http://amazon-verify.cf/verify,malicious
http://netflix-center.top/login.php,malicious
http://whatsappaccess.info/account,malicious
http://mastercard-care.gq/payment/verify,malicious
http://facebook-reward.top/account,malicious
http://real-wellsfargo.site/account,malicious
http://getspotify.ml/confirm/identity,malicious
http://netflix-manage.ml/verify.php,malicious
http://online-apple.site/login?redirect=true,malicious
http://adobeverify.cf/verify?token=abc123,malicious
http://mastercard-account.top/login.php,malicious
http://ebay-portal.ga/billing/update,malicious
http://dr0pbox-login.online/confirm/identity,malicious
http://linkedin-recover.tk/billing/update,malicious
http://microsoft-account.cf/confirm,malicious
http://googgle.ga/payment/verify,malicious
http://mastercard-secure-manage.xyz/verify.php,malicious
http://online-instagram.gq/update/account,malicious
http://dropbox-recover.xyz/update/account,malicious
http://whatsapp-security.biz/confirm/identity,malicious
http://apple.ml/confirm/identity,malicious
http://google-suspend.info/account/suspended,malicious
http://dopbox.online/verify.php,malicious
http://apple-site.tk/secure/login,malicious
http://unlock-mastercard.net/verify?token=abc123,malicious
http://secure-adobe.net/account,malicious
http://microsoft-care.tk/signin,malicious
http://apple-login.org/signin.php,malicious
http://whatsapp-validation.top/login?redirect=true,malicious
http://netfliix.top/auth,malicious
http://ebay-access.gq/login,malicious
http://onlinevisa.ml/update/account,malicious
http://adob3.biz/login?redirect=true,malicious
http://bankofamerica-warning.site/confirm/identity,malicious
http://paypalsecure.ga/secure/login,malicious
http://facebook-verify.cf/account/verify,malicious
http://bankofamer1ca.info/billing/update,malicious
http://linkedin-support.top/security/check,malicious
http://spotify-refund.ml/security/check,malicious
http://bankofamerica-secure-help.org/confirm/identity,malicious
http://safe-whatsapp.net/confirm,malicious
http://mastercard-service.club/verify,malicious
http://chase-unlock.ml/confirm/identity,malicious
http://instagram.gq/security/check,malicious
http://ebay-refund.club/account,malicious
http://apple-secure-center.info/billing/update,malicious
http://bnkofamerica.net/update,malicious
http://google.top/auth,malicious
http://microsoft-safe.online/verify,malicious
http://microoft.gq/verify.php,malicious
http://security-amazon.top/secure,malicious
http://google-refund.biz/signin.php,malicious
http://bankofamerica-suspend.club/account/suspended,malicious
http://newnetflix.cf/secure/login,malicious
http://microsot.gq/account,malicious
http://visa-support.club/login,malicious
http://netflix-alert.org/signin,malicious
http://linkedin-portal.info/signin,malicious
http://facebook-secure-center.net/verify.php,malicious
http://spotify-confirm.site/verify.php,malicious
http://instagram.ml/secure,malicious
http://microsoft-auth.tk/secure/login,malicious
http://linkedin-confirm.tk/billing/update,malicious
http://linkedin-center.cf/login.php,malicious
http://linkedn.net/auth,malicious
http://twitter-locked.online/confirm/identity,malicious
http://thelinkedin.ml/secure/login,malicious
http://microsoft-portal.ml/payment/verify,malicious
http://facebook-notification.ml/security/check,malicious
http://1nstagram-login.tk/account/suspended,malicious
http://ebay-access.site/verify?token=abc123,malicious
http://twitter-manage.ml/account,malicious
http://ch4se.online/login.php,malicious
http://service-dropbox.gq/signin,malicious
http://chase-notification.top/signin.php,malicious
http://paypal-reward.online/account/verify,malicious
http://help-amazon.xyz/verify.php,malicious
http://paypal-confirm.top/account/verify,malicious
http://apple-service.info/update/account,malicious
http://amazonhelp.online/confirm/identity,malicious
http://whatsapp.ml/secure,malicious
http://best-bankofamerica.org/security/check,malicious
http://apple-payment.tk/secure/login,malicious
http://twitter-help.biz/payment/verify,malicious
http://confirm-twitter.cf/update/account,malicious
http://adobbe.org/verify,malicious
http://10.0.169.142/account/verify,malicious
http://inst@gram-login.info/account/verify,malicious
http://wh@tsapp.site/account/suspended,malicious
http://spotify.suspended-account.info/login?redirect=true,malicious
http://w3llsfargo-login.top/security/check,malicious
http://care-amazon.online/security/check,malicious
http://chase.gq/account/suspended,malicious
http://netflix-secure-help.info/login,malicious
http://banking-linkedin.club/account,malicious
http://whatsapp-portal.ga/account/suspended,malicious
http://wellsfarg0.tk/verify.php,malicious
http://visa-notification.net/secure/login,malicious
http://spotify-validation.gq/account/suspended,malicious
http://apple-support.xyz/update/account,malicious
http://ebay.ml/payment/verify,malicious
http://realtwitter.biz/verify,malicious
http://verify-chase.info/confirm,malicious
http://chase-access.xyz/account/verify,malicious
http://payppal.gq/login.php,malicious
http://wellsfargo-secure.top/confirm/identity,malicious
http://chase.account-update.site/update/account,malicious
http://dropboxaccount.biz/signin.php,malicious
http://7witter.gq/update,malicious
http://micr0soft-login.site/confirm,malicious
http://netflix-validation.xyz/verify.php,malicious
http://ebayservice.info/verify?token=abc123,malicious
http://netflixonline.tk/login,malicious
http://ch4se-login.info/confirm/identity,malicious
http://p4ypal.site/billing/update,malicious
http://spotify-refund.club/confirm,malicious
http://masstercard.ml/secure,malicious
http://signinmastercard.club/update/account,malicious
http://mastercard-secure-alert.org/update,malicious
http://ebay-alert.tk/verify,malicious
http://visa-reward.ml/signin.php,malicious
http://whatsapp-signin.tk/update,malicious
http://apple-payment.top/secure/login,malicious
http://unlock-visa.org/secure,malicious
http://google-secure-manage.top/secure/login,malicious
http://facebook-confirm.tk/account,malicious
http://goog1e-login.gq/confirm/identity,malicious
http://wellfargo.net/verify?token=abc123,malicious
http://spotify-support.xyz/billing/update,malicious
http://mastercard-validation.xyz/verify,malicious
http://facebook-validation.biz/login.php,malicious
http://paypal-recover.org/account/suspended,malicious
http://microsoft-reward.ml/billing/update,malicious
http://adobe-signin.xyz/payment/verify,malicious
http://adobe-recover.xyz/payment/verify,malicious
http://auth-apple.info/auth,malicious
http://netflix-secure-validation.org/update,malicious
http://googlesecure.ml/payment/verify,malicious
http://facebook-manage.net/signin,malicious
http://facebook.secure-login.tk/account/verify,malicious
http://b@nkofamerica.ml/verify,malicious
http://apple-validation.online/login,malicious
http://wellsfargo-unlock.xyz/account,malicious
http://paypal-security.ml/auth,malicious
http://twitter-billing.top/billing/update,malicious
http://linkedin.verify-now.tk/login?redirect=true,malicious
http://adobe-confirm.ga/secure/login,malicious
http://visa.id-verify.ga/login.php,malicious
http://bankofamerica-secure-warning.cf/login.php,malicious
http://microsoft-access.org/signin.php,malicious
http://google-manage.biz/account/suspended,malicious
http://microsof7.gq/security/check,malicious
http://manage-apple.online/billing/update,malicious
http://netflix-care.tk/security/check,malicious
http://realinstagram.site/signin,malicious
http://instagram-support.org/billing/update,malicious
http://instagram-account.gq/login.php,malicious
http://dropbox-locked.ga/security/check,malicious
http://instagram-account.biz/secure/login,malicious
http://theadobe.xyz/secure,malicious
http://mastercard-service.ml/confirm/identity,malicious
http://banking-microsoft.biz/auth,malicious
http://netf1ix-login.gq/secure/login,malicious
http://amazon-verify.info/security/check,malicious
http://realmicrosoft.ml/billing/update,malicious
http://recover-spotify.ml/confirm/identity,malicious
http://adobe-refund.xyz/verify?token=abc123,malicious
http://spotify-notification.tk/confirm,malicious
http://linkedin-manage.net/verify?token=abc123,malicious
http://llinkedin.xyz/update/account,malicious
http://spotify-auth.net/signin,malicious
http://bankofamerica-account.info/signin,malicious
http://verify-linkedin.info/update,malicious
http://netflix-security.biz/secure/login,malicious
http://whatsapp-secure.site/account/verify,malicious
http://wellsfargo-secure-alert.ga/billing/update,malicious
http://amazon-secure-manage.xyz/update,malicious
http://facebook-support.site/billing/update,malicious
http://amazon-validation.xyz/security/check,malicious
http://care-adobe.top/secure/login,malicious
http://wellsfargo-security.tk/update,malicious
http://netflix-account.site/auth,malicious
http://paypaal.online/account/verify,malicious
http://realwellsfargo.site/login,malicious
http://m@stercard-login.club/payment/verify,malicious
http://twitterweb.online/login?redirect=true,malicious
http://ebay-suspend.net/verify?token=abc123,malicious
http://microsoft-portal.gq/account/verify,malicious
http://apple-auth.ga/secure,malicious
http://twitterportal.site/verify,malicious
http://wellsfarg0-login.site/confirm,malicious
http://apple-portal.xyz/update/account,malicious
http://instagram-help.info/login.php,malicious
http://getchase.club/confirm,malicious
http://safewhatsapp.net/secure,malicious
http://well5fargo.ga/security/check,malicious
http://whatsapp-support.top/verify?token=abc123,malicious
http://chse.club/confirm,malicious
http://wellsfargoportal.tk/security/check,malicious
http://ebay-signin.net/confirm,malicious
http://google-auth.gq/billing/update,malicious
http://vvisa.tk/account,malicious
http://spotify-portal.info/account/verify,malicious
http://instagram-secure-suspend.biz/login,malicious
http://dropbox-secure-suspend.org/update/account,malicious
http://4pple-login.tk/signin,malicious
http://sotify.tk/account/suspended,malicious
http://secure-google.site/update,malicious
http://signindropbox.cf/signin.php,malicious
http://4mazon.site/account,malicious
http://apple-locked.biz/login.php,malicious
http://spotify-portal.ga/signin,malicious
http://mastercard-reward.ml/security/check,malicious
http://whatsapp-update.xyz/secure,malicious
http://theebay.net/login,malicious
http://instagram-center.xyz/signin.php,malicious
http://netflix-banking.ml/login?redirect=true,malicious
http://dropbox.security-check.club/account,malicious
http://apple-login.top/payment/verify,malicious
http://visa-care.net/account/suspended,malicious
http://instagram.verify-now.ml/secure,malicious
http://account-amazon.net/secure/login,malicious
http://alert-bankofamerica.org/update,malicious
http://amazon-help.online/verify.php,malicious
http://instagram-payment.ga/account,malicious
http://ne7flix-login.ml/signin.php,malicious
http://alert-linkedin.gq/verify,malicious
http://center-facebook.ml/update/account,malicious
http://wellsfargo-confirm.xyz/login.php,malicious
http://whatsapp-billing.org/update,malicious
http://alert-instagram.club/signin.php,malicious
http://google-verify.top/login.php,malicious
http://facebbook.online/confirm/identity,malicious
http://eb4y-login.xyz/update,malicious
http://chas3-login.org/secure,malicious
http://banking-linkedin.gq/login.php,malicious
http://newvisa.net/update,malicious
http://apple.tk/confirm/identity,malicious
http://instagram-banking.biz/login?redirect=true,malicious
http://mastrcard.ml/account/suspended,malicious
http://twitter-manage.net/account/verify,malicious
http://visa.top/auth,malicious
http://portal-facebook.site/secure,malicious
http://adobe-care.info/confirm/identity,malicious
http://paypal-login.site/confirm/identity,malicious
http://google-secure-center.info/signin.php,malicious
http://spotify-payment.club/verify,malicious
http://wellsfargo-help.online/secure/login,malicious
http://bankofamerica-reward.online/billing/update,malicious
http://unlock-mastercard.club/account/verify,malicious
http://4dobe-login.gq/verify.php,malicious
http://whatsapp-portal.biz/login.php,malicious
http://whasapp.xyz/login,malicious
http://dropbox-access.xyz/billing/update,malicious
http://aapple.xyz/account/suspended,malicious
http://linkedin-secure-help.tk/account,malicious
http://bankofaamerica.biz/login.php,malicious
http://spotify.account-update.site/login,malicious
http://chase-secure-warning.biz/update,malicious
http://dropbox-account.club/auth,malicious
http://twitter-refund.ga/auth,malicious
http://instagram-alert.ml/billing/update,malicious
http://microsof7-login.top/update,malicious
http://microsoft-validation.ga/signin,malicious
http://bankofamerica-login.biz/login.php,malicious
http://amazon-recover.ml/update/account,malicious
http://microsoft-secure-billing.net/login?redirect=true,malicious
http://wellsfargo-secure-warning.biz/auth,malicious
http://getinstagram.info/signin.php,malicious
http://google-billing.biz/security/check,malicious
http://3bay.club/auth,malicious
http://visaonline.biz/login.php,malicious
http://visa-account.net/signin.php,malicious
http://microsoft.security-check.top/account/suspended,malicious
http://facebookhelp.site/verify?token=abc123,malicious
http://eb@y-login.ga/login?redirect=true,malicious
http://instagram-manage.org/payment/verify,malicious
http://verifydropbox.tk/signin.php,malicious
http://wellsf@rgo.top/auth,malicious
http://twitter.account-update.gq/secure,malicious
http://wellsf4rgo-login.top/security/check,malicious
http://validation-apple.ga/security/check,malicious
http://mastercard.login-verify.org/login?redirect=true,malicious
http://instgram.net/payment/verify,malicious
http://bankofaerica.cf/signin,malicious
http://suspend-amazon.org/verify,malicious
http://signin-netflix.biz/login.php,malicious
http://facebok.net/signin,malicious
http://mastercard-account.club/verify,malicious
http://realapple.xyz/payment/verify,malicious
http://whtsapp.top/secure,malicious
http://$potify.site/login?redirect=true,malicious
http://microsoft-secure-manage.net/auth,malicious
http://chase-notification.online/security/check,malicious
http://netflixx.gq/payment/verify,malicious
http://tw!tter.top/secure,malicious
http://paypa1.xyz/account/verify,malicious
http://unlock-wellsfargo.tk/confirm,malicious
http://amazon-care.top/signin,malicious
http://mastercad.gq/account,malicious
http://m@stercard-login.online/signin,malicious
http://ebay-access.net/signin,malicious
http://paypal-update.online/confirm,malicious
http://bankofameria.ga/confirm/identity,malicious
http://netfl1x.club/login,malicious
http://paypal.tk/account/suspended,malicious
http://paypal-secure-help.club/secure/login,malicious
http://linkedin-warning.top/auth,malicious
http://facebook-account.ml/signin,malicious
http://bankofamerica-alert.info/secure,malicious
http://verify-linkedin.online/update,malicious
http://ebay-secure.site/confirm/identity,malicious
http://1nstagram-login.ml/billing/update,malicious
http://apple-secure-warning.ml/login.php,malicious
http://bankofamerica.account-update.top/verify?token=abc123,malicious
http://f4cebook-login.club/confirm,malicious
http://bankfamerica.xyz/confirm/identity,malicious
http://manage-twitter.club/secure,malicious
http://whaatsapp.info/account/suspended,malicious
http://micro5oft-login.info/confirm,malicious
http://bankofamerica-security.org/update/account,malicious
http://suspend-google.ml/security/check,malicious
http://apple-secure.biz/signin.php,malicious
http://adobe-auth.org/secure/login,malicious
http://netflix-refund.gq/verify.php,malicious
http://apple-notification.gq/account/suspended,malicious
http://lnkedin.tk/account/verify,malicious
http://mastercardd.cf/secure/login,malicious
http://apple-unlock.org/verify?token=abc123,malicious
http://microsoft-auth.cf/confirm,malicious
http://twittter.club/signin.php,malicious
http://microsoft-recover.ml/login?redirect=true,malicious
http://mastercarrd.cf/account,malicious
http://alert-ebay.ml/signin,malicious
http://auth-wellsfargo.info/payment/verify,malicious
http://my-apple.site/login.php,malicious
http://microsoft-help.ga/update/account,malicious
http://wellsfaargo.net/signin,malicious
http://amazon-support.xyz/auth,malicious
http://w3llsfargo.top/login,malicious
http://b@nkofamerica-login.info/login?redirect=true,malicious
http://billing-apple.top/update/account,malicious
http://adobe.login-verify.gq/billing/update,malicious
http://mastercard-secure-billing.club/account,malicious
http://care-ebay.club/update,malicious
http://linkedin.cf/update,malicious
http://facbook.ga/login,malicious
http://whatsapp.gq/verify,malicious
http://refund-dropbox.online/account/suspended,malicious
http://adobe-secure-validation.ga/login,malicious
http://amazon-help.org/account,malicious
http://signin-mastercard.ml/signin.php,malicious
http://bakofamerica.net/auth,malicious
http://dropbox-secure-validation.tk/login?redirect=true,malicious
http://wellsfargo-update.top/confirm,malicious
http://wellsfargo-care.biz/confirm,malicious
http://b@nkofamerica-login.ml/verify,malicious
http://l1nkedin-login.tk/security/check,malicious
http://mastercard-secure.ga/secure,malicious
http://dropbox-account.biz/update/account,malicious
http://mastercard-billing.online/verify?token=abc123,malicious
http://ebay-center.ml/account/verify,malicious
http://microsoft-signin.net/login,malicious
http://mastercard-web.online/login?redirect=true,malicious
http://netflixx.biz/confirm/identity,malicious
http://support-apple.ml/security/check,malicious
http://security-twitter.site/payment/verify,malicious
http://officialchase.cf/login,malicious
http://twitter-warning.online/secure,malicious
http://visa-service.top/account/verify,malicious
http://facebook-unlock.gq/confirm,malicious
http://what$app.ga/verify,malicious
http://freewellsfargo.tk/confirm,malicious
http://linkedin-security.cf/account/suspended,malicious
http://ma$tercard.biz/billing/update,malicious
http://center-whatsapp.ga/signin.php,malicious
http://new-linkedin.net/update/account,malicious
http://accessdropbox.club/secure,malicious
http://spotify-verify.ga/verify.php,malicious
http://get-google.online/account/suspended,malicious
http://what$app-login.tk/verify?token=abc123,malicious
http://vi5a.net/login,malicious
http://mastercard.verify-now.cf/signin.php,malicious
http://whatsapp-banking.cf/confirm/identity,malicious
http://mastercardweb.online/login,malicious
http://twitter-signin.net/billing/update,malicious
http://instagram.verify-now.ga/confirm,malicious
http://twitter.tk/login.php,malicious
http://micro$oft-login.gq/update,malicious
http://adobe-account.net/verify.php,malicious
http://wellsfargo-secure-billing.club/update/account,malicious
http://gooogle.top/signin.php,malicious
http://safemicrosoft.top/login.php,malicious
http://$potify-login.top/secure/login,malicious
http://facebook-help.site/confirm/identity,malicious
http://netflix-locked.xyz/auth,malicious
http://onlineapple.site/verify.php,malicious
http://twitter-verify.ml/payment/verify,malicious
http://whatsap.net/secure,malicious
http://adobe-payment.biz/signin.php,malicious
http://instagram-verify.ga/payment/verify,malicious
http://ad0be.xyz/login.php,malicious
http://instagram-care.biz/confirm,malicious
http://amazon-signin.net/signin.php,malicious
http://ebay-login.club/signin,malicious
http://ma5tercard-login.ga/update,malicious
http://instagram-validation.top/signin,malicious
http://google-unlock.xyz/login.php,malicious
http://twittter.biz/login?redirect=true,malicious
http://ebay-confirm.net/verify,malicious
http://signin-mastercard.club/billing/update,malicious
http://chase-verify.info/auth,malicious
http://alert-chase.xyz/verify.php,malicious
http://microsoft-suspend.org/secure,malicious
http://chase-secure-alert.info/login?redirect=true,malicious
http://mastercard-access.info/confirm/identity,malicious
http://whatsapp.phishing-site.biz/security/check,malicious
http://bankofmerica.org/update,malicious
http://@pple-login.online/verify,malicious
http://wellsfarg0-login.tk/update/account,malicious
http://chasee.tk/confirm,malicious
http://auth-whatsapp.info/verify,malicious
http://spotify-web.net/signin,malicious
http://netflix-service.biz/login.php,malicious
http://adobe-refund.club/login?redirect=true,malicious
http://netflix-confirm.info/update,malicious
http://@pple-login.info/account/suspended,malicious
http://spotify-billing.top/payment/verify,malicious
http://spotifyportal.ga/signin,malicious
http://wellsfargo.gq/signin,malicious
http://spotify-alert.org/verify?token=abc123,malicious
http://whatsapp-access.biz/confirm,malicious
http://officialnetflix.xyz/secure/login,malicious
http://facebooklogin.biz/security/check,malicious
http://help-paypal.ga/payment/verify,malicious
http://ebay-alert.xyz/signin.php,malicious
http://access-adobe.top/secure/login,malicious
http://wwhatsapp.biz/account/suspended,malicious
http://we1lsfargo-login.top/account,malicious
http://mastercard-security.biz/confirm/identity,malicious
http://insstagram.club/account/suspended,malicious
http://newnetflix.top/billing/update,malicious
http://google-notification.tk/auth,malicious
http://intagram.online/login,malicious
http://wellsfargo-banking.net/verify.php,malicious
http://instagramm.club/auth,malicious
http://recover-paypal.online/update,malicious
http://auth-linkedin.ml/confirm/identity,malicious
http://linkedin-manage.ga/payment/verify,malicious
http://billing-dropbox.top/update/account,malicious
http://myamazon.cf/account/suspended,malicious
http://paypal-notification.tk/account/suspended,malicious
http://freemastercard.ml/login?redirect=true,malicious
http://spotify.tk/secure/login,malicious
http://mastercard-login.online/signin,malicious
http://center-twitter.top/security/check,malicious
http://mastercard-alert.club/account/verify,malicious
http://eb4y-login.site/secure,malicious
http://paypal.suspended-account.club/update,malicious
http://watsapp.ga/signin.php,malicious
http://visa-help.online/signin.php,malicious
http://account-netflix.ga/account,malicious
http://linkedin-secure-warning.net/secure/login,malicious
http://ppaypal.tk/confirm,malicious
http://center-instagram.club/security/check,malicious
http://microsooft.tk/login.php,malicious
http://netf1ix.net/login,malicious
http://onlinegoogle.info/security/check,malicious
http://adobe-access.ml/account/verify,malicious
http://apple-login.cf/billing/update,malicious
http://adobeportal.cf/signin,malicious
http://netflix-manage.club/billing/update,malicious
http://visa-payment.net/verify,malicious
http://amazon.xyz/billing/update,malicious
http://bankofamerica-notification.gq/account/suspended,malicious
http://dropbox-banking.ml/signin,malicious
http://bankofamericca.biz/login,malicious
http://whatsapp-login.info/update/account,malicious
http://mastercard-help.gq/account,malicious
http://google-verify.site/account/verify,malicious
http://netflix-notification.info/account/suspended,malicious
http://192.168.46.143/google/signin,malicious
http://drpbox.biz/login?redirect=true,malicious
http://wellsfargo.suspended-account.biz/verify,malicious
http://adoe.cf/login.php,malicious
http://amazon.security-check.cf/login?redirect=true,malicious
http://dropbox-billing.ml/signin.php,malicious
http://facebook-safe.biz/update/account,malicious
http://mastercad.ga/verify,malicious
http://amazoon.net/account/suspended,malicious
http://recover-wellsfargo.ga/verify.php,malicious
http://google-secure.ml/update/account,malicious
http://microsoft.phishing-site.top/account/suspended,malicious
http://amazon-update.site/login?redirect=true,malicious
http://netflix-validation.ml/secure/login,malicious
http://amazon.ml/update/account,malicious
http://chaseweb.org/signin,malicious
http://facebook.phishing-site.tk/verify.php,malicious
http://m!crosoft-login.biz/verify.php,malicious
http://secure-google.info/login?redirect=true,malicious
http://amazon-manage.org/account/suspended,malicious
http://twitter-validation.ga/security/check,malicious
http://netflix-support.gq/login?redirect=true,malicious
http://chae.tk/update/account,malicious
http://bank0famerica-login.cf/payment/verify,malicious
http://netfl1x.org/update/account,malicious
http://miccrosoft.ga/verify?token=abc123,malicious
http://login-netflix.tk/signin,malicious
http://drpbox.ml/signin,malicious
http://ma5tercard.org/billing/update,malicious
http://wellsfargo-secure-center.tk/login.php,malicious
http://whatsapp-portal.tk/security/check,malicious
http://dropbox-portal.net/auth,malicious
http://welsfargo.xyz/confirm/identity,malicious
http://facebook-recover.top/auth,malicious
http://spotify-web.org/signin,malicious
http://getamazon.site/update,malicious
http://appl3-login.net/auth,malicious
http://ebay-secure-suspend.ml/account,malicious
http://mastercard-refund.info/billing/update,malicious
http://amazon-secure-center.club/account/suspended,malicious
http://paypal-online.club/signin.php,malicious
http://twitter-recover.net/confirm,malicious
http://paypalweb.club/verify,malicious
http://adobe-notification.info/secure,malicious
http://facbook.online/security/check,malicious
http://we1lsfargo-login.net/account,malicious
http://adobe.secure-login.org/login?redirect=true,malicious
http://bankofamerica-support.cf/verify,malicious
http://facebook-refund.online/login?redirect=true,malicious
http://amazon-center.info/update/account,malicious
http://v!sa.gq/secure/login,malicious
http://amazon-billing.ga/verify,malicious
http://verifylinkedin.info/secure,malicious
http://whatsapp-confirm.xyz/secure,malicious
http://linkedin-account.ml/update/account,malicious
http://alert-linkedin.club/auth,malicious
http://wellsfargo-signin.site/confirm,malicious
http://safewhatsapp.ga/account,malicious
http://instagrram.top/payment/verify,malicious
http://my-adobe.ml/account/suspended,malicious
http://netflix-recover.net/payment/verify,malicious
http://eebay.gq/payment/verify,malicious
http://amazon-locked.club/confirm/identity,malicious
http://9oogle-login.online/verify.php,malicious
http://visa-service.online/security/check,malicious
http://the-wellsfargo.net/login?redirect=true,malicious
http://google-secure-center.club/login.php,malicious
http://facebook-auth.org/account,malicious
http://ebay-locked.info/account/verify,malicious
http://linkedin-secure-manage.ga/account/verify,malicious
http://chase-suspend.net/signin,malicious
http://signin-instagram.site/secure/login,malicious
http://paypalonline.club/update,malicious
http://thelinkedin.site/billing/update,malicious
http://4dobe-login.ml/auth,malicious
http://netflix-alert.net/confirm/identity,malicious
http://secure-paypal.net/update/account,malicious
http://facebookhelp.ml/verify,malicious
http://wellsfargo-recover.top/login?redirect=true,malicious
http://instagram-manage.ml/signin.php,malicious
http://wha7sapp.ml/login.php,malicious
http://ddropbox.ml/security/check,malicious
http://spotify-refund.cf/account/verify,malicious
http://help-microsoft.top/login?redirect=true,malicious
http://microssoft.tk/account,malicious
http://masteercard.club/confirm,malicious
http://netflix-auth.club/confirm/identity,malicious
http://paypal-manage.top/secure/login,malicious
http://dropbox-portal.tk/login,malicious
http://googl3-login.net/login?redirect=true,malicious
http://bankofamerica-locked.gq/login.php,malicious
http://wellsfargo-online.ml/payment/verify,malicious
http://wellsfar9o.ga/account/suspended,malicious
http://apple-refund.biz/secure,malicious
http://twitter.cf/security/check,malicious
http://mastercard-payment.info/security/check,malicious
http://chasse.info/confirm,malicious
http://netlix.net/update/account,malicious
http://spoify.top/login?redirect=true,malicious
http://wh4tsapp-login.ga/secure/login,malicious
http://center-linkedin.ga/account,malicious
http://whaatsapp.club/secure,malicious
http://login-adobe.ml/confirm,malicious
http://linkedin-secure-center.tk/verify?token=abc123,malicious
http://getadobe.club/secure,malicious
http://dropbox-account.xyz/security/check,malicious
http://amazon-account.cf/login,malicious
http://facebook-refund.info/login?redirect=true,malicious
http://twiter.info/signin,malicious
http://twitter-portal.site/secure,malicious
http://pypal.site/update,malicious
http://netflix-auth.org/account,malicious
http://linkedin-unlock.org/signin.php,malicious
http://9oogle.org/secure/login,malicious
http://instagram-recover.net/login.php,malicious
http://vi5a.online/update,malicious
http://wellsfargo-auth.tk/payment/verify,malicious
http://mastercard-login.site/confirm,malicious
http://ebay-notification.gq/account/verify,malicious
http://netflix-online.online/account/suspended,malicious
http://dropboxx.net/signin,malicious
http://mastercard-confirm.ml/verify?token=abc123,malicious
http://dropbox-care.tk/account/suspended,malicious
http://1nstagram.net/account/suspended,malicious
http://applesite.org/auth,malicious
http://whatsapp-help.gq/payment/verify,malicious
http://apple-suspend.biz/account/suspended,malicious
http://adobe-update.org/secure,malicious
http://chase-secure-billing.org/login.php,malicious
http://w3llsfargo-login.site/login,malicious
http://adobe-confirm.tk/billing/update,malicious
http://m!crosoft-login.net/secure/login,malicious
http://netflix-secure-alert.gq/update,malicious
http://microsoft-site.org/verify.php,malicious
http://spotify-care.top/secure,malicious
http://@mazon.tk/signin.php,malicious
http://dropbox-login.site/account/suspended,malicious
http://suspend-ebay.ml/account,malicious
http://microsoft-reward.info/verify.php,malicious
http://twitter-payment.gq/security/check,malicious
http://twitter-account.xyz/security/check,malicious
http://apple-alert.gq/confirm,malicious
http://whhatsapp.top/verify?token=abc123,malicious
http://google-security.info/confirm/identity,malicious
http://login-linkedin.biz/signin.php,malicious
http://linkedin-security.top/billing/update,malicious
http://refund-microsoft.xyz/payment/verify,malicious
http://microsoft-site.online/confirm,malicious
http://bankofamer1ca.site/update,malicious
http://dropbox.login-verify.site/secure,malicious
http://adoe.net/confirm,malicious
http://spotify.verify-now.net/update/account,malicious
http://adoobe.site/verify,malicious
http://amazon-suspend.site/update/account,malicious
http://wellsfargo-auth.ml/auth,malicious
http://3bay-login.club/signin,malicious
http://fac3book.cf/confirm,malicious
http://google-reward.cf/verify.php,malicious
http://bankofamerica-care.ml/security/check,malicious
http://service-facebook.tk/update,malicious
http://m@stercard-login.cf/login,malicious
http://dropbox-access.ml/billing/update,malicious
http://visa-portal.gq/account/suspended,malicious
http://manage-netflix.tk/security/check,malicious
http://apple-verify.info/billing/update,malicious
http://p4ypal-login.biz/confirm,malicious
http://amazon-login.ga/billing/update,malicious
http://microsoft-unlock.xyz/login.php,malicious
http://accesstwitter.biz/account,malicious
http://wellsfargo-verify.tk/account,malicious
http://wellsfargo-security.biz/login?redirect=true,malicious
http://free-wellsfargo.tk/verify.php,malicious
http://visa-security.gq/secure,malicious
http://twitter.xyz/security/check,malicious
http://twitter-secure-suspend.xyz/secure,malicious
http://chaselogin.top/login?redirect=true,malicious
http://adobe.ml/secure,malicious
http://whatsapp-care.org/security/check,malicious
http://bannkofamerica.xyz/secure,malicious
http://netflixhelp.ml/payment/verify,malicious
http://adobe-reward.ml/verify.php,malicious
http://ebay-payment.cf/login.php,malicious
http://facebook-secure-help.info/security/check,malicious
http://real-dropbox.ml/signin,malicious
http://spotify-unlock.club/secure/login,malicious
http://dropbox-service.info/account,malicious
http://adobe-account.top/confirm/identity,malicious
http://chase.phishing-site.ml/secure,malicious
http://spotify-center.gq/account/verify,malicious
http://linkedin-payment.ga/login?redirect=true,malicious
http://dropbox-secure-manage.xyz/payment/verify,malicious
http://n3tflix.tk/verify,malicious
http://bankofamerica-help.biz/security/check,malicious
http://spotify-secure-help.biz/signin.php,malicious
http://eb4y.xyz/billing/update,malicious
http://!nstagram.cf/update/account,malicious
http://payypal.gq/account/suspended,malicious
http://5potify.net/auth,malicious
http://twitter-portal.info/verify,malicious
http://ebay-center.online/signin.php,malicious
http://masterccard.ml/auth,malicious
http://192.168.219.97/account/verify,malicious
http://google-banking.ml/signin.php,malicious
http://whatsapp.suspended-account.org/login?redirect=true,malicious
http://miccrosoft.club/payment/verify,malicious
http://google-update.org/login,malicious
http://my-dropbox.xyz/account,malicious
http://dropbox-help.info/verify,malicious
http://twitter-billing.org/signin,malicious
http://f@cebook-login.ga/login,malicious
http://whatsapp-recover.gq/verify?token=abc123,malicious
http://netflix-account.top/account,malicious
http://access-instagram.online/signin.php,malicious
http://bankofamerica-secure-center.org/login?redirect=true,malicious
http://whatsapp-banking.gq/signin,malicious
http://google.phishing-site.club/update/account,malicious
http://linkedin-secure-help.info/signin,malicious
http://visa-portal.site/login?redirect=true,malicious
http://account-microsoft.cf/verify,malicious
http://amazon-payment.ml/security/check,malicious
http://unlock-spotify.gq/update/account,malicious
http://the-linkedin.ml/verify?token=abc123,malicious
http://amazon-alert.tk/signin.php,malicious
http://instagramhelp.club/secure,malicious
http://facebook-payment.info/update,malicious
http://chase-signin.biz/secure/login,malicious
http://app1e.site/auth,malicious
http://adobe-auth.tk/payment/verify,malicious
http://wellsfargo-validation.tk/security/check,malicious
http://bankofamerica-help.site/verify,malicious
http://reward-netflix.online/account,malicious
http://validation-facebook.info/payment/verify,malicious
http://adobe-secure.online/confirm/identity,malicious
http://newspotify.ga/login.php,malicious
http://visa.cf/update/account,malicious
http://linkedinhelp.top/secure/login,malicious
http://wellsfargoportal.biz/login?redirect=true,malicious
http://whatsapp-confirm.net/update/account,malicious
http://netfl!x-login.ml/verify,malicious
http://netflix-secure-billing.site/secure/login,malicious
http://whatsapp-notification.info/login.php,malicious
http://dropbox-service.org/verify.php,malicious
http://netflix-unlock.top/login?redirect=true,malicious
http://twitter-reward.org/account,malicious
http://whhatsapp.org/confirm,malicious
http://facebook-notification.info/login,malicious
http://google-app.top/confirm/identity,malicious
http://dropbox-center.cf/login?redirect=true,malicious
http://accessadobe.ml/signin,malicious
http://ebay-secure-manage.gq/account,malicious
http://whatsapp-suspend.biz/auth,malicious
http://instagram.ga/login.php,malicious
http://whatsapplogin.ga/signin,malicious
http://aazon.info/auth,malicious
http://spottify.biz/payment/verify,malicious
http://in$tagram.tk/account/suspended,malicious
http://@mazon-login.tk/login.php,malicious
http://real-microsoft.biz/login?redirect=true,malicious
http://linkedinweb.site/login,malicious
http://help-dropbox.xyz/update/account,malicious
http://apple-billing.online/auth,malicious
http://google.gq/login,malicious
http://linkedin-warning.site/verify?token=abc123,malicious
http://dropbox-account.top/auth,malicious
http://twitterr.cf/account/suspended,malicious
http://facebook.top/account/suspended,malicious
http://adobe.security-check.net/verify?token=abc123,malicious
http://apple.id-verify.cf/login,malicious
http://get-instagram.net/confirm,malicious
http://center-bankofamerica.biz/update/account,malicious
http://twitter-login.online/account/suspended,malicious
http://adobe-recover.site/account/suspended,malicious
http://in5tagram-login.org/account,malicious
http://spotify-suspend.ga/login?redirect=true,malicious
http://wellsfargo-billing.site/secure,malicious
http://freewellsfargo.ga/verify.php,malicious
http://bank0famerica.biz/signin,malicious
http://instagram-login.site/confirm/identity,malicious
http://twitter-help.ml/auth,malicious
http://real-spotify.cf/security/check,malicious
http://@pple.online/account/verify,malicious
http://ebay-payment.ga/secure,malicious
http://bankofamericaa.xyz/auth,malicious
http://bankoofamerica.gq/login?redirect=true,malicious
http://unlock-wellsfargo.club/login.php,malicious
http://tw!tter-login.top/verify.php,malicious
http://spotify-update.cf/update,malicious
http://instagram-unlock.org/secure/login,malicious
http://instagram-service.net/confirm/identity,malicious
http://the-whatsapp.site/secure,malicious
http://paypal-verify.tk/confirm,malicious
http://vis@-login.ml/account/suspended,malicious
http://goog1e.site/login,malicious
http://ebay-account.cf/verify?token=abc123,malicious
http://wellsfargo-reward.online/billing/update,malicious
http://adobe-login.ga/update/account,malicious
http://visa-secure-alert.info/confirm/identity,malicious
http://bankofamerica-service.site/security/check,malicious
http://well$fargo.xyz/secure/login,malicious
http://best-google.biz/secure,malicious
http://whatsapp-support.net/secure,malicious
http://reward-netflix.info/auth,malicious
http://cha$e.site/verify?token=abc123,malicious
http://visa-signin.club/login?redirect=true,malicious
http://wha7sapp.xyz/account/suspended,malicious
http://reward-mastercard.tk/signin,malicious
http://netflix-portal.biz/payment/verify,malicious
http://adobee.ml/auth,malicious
http://facebook-help.ml/auth,malicious
http://safe-microsoft.top/account/verify,malicious
http://apple-help.online/secure/login,malicious
http://safepaypal.info/account,malicious
http://linkedin.security-check.ga/secure,malicious
http://bankofamerica-auth.net/payment/verify,malicious
http://bank0famerica-login.biz/account/verify,malicious
http://wh4tsapp.ml/secure/login,malicious
http://mastercardsecure.ga/account,malicious
http://linkedin-help.info/secure,malicious
http://mmicrosoft.biz/login?redirect=true,malicious
http://accessnetflix.ga/auth,malicious
http://google-safe.tk/secure,malicious
http://facebook-verify.ml/auth,malicious
http://bankofamerica-signin.tk/signin.php,malicious
http://suspend-ebay.club/secure,malicious
http://wellsfargo-access.cf/signin.php,malicious
http://paypal-portal.ml/update,malicious
http://spotify-service.info/account,malicious
http://ad0be-login.cf/login?redirect=true,malicious
http://apple-manage.cf/security/check,malicious
http://ebay.verify-now.tk/account,malicious
http://signinpaypal.cf/secure,malicious
http://facebook-payment.club/confirm/identity,malicious
http://theamazon.gq/account,malicious
http://bankofam3rica.gq/verify,malicious
http://get-spotify.ga/account,malicious
http://adobe-notification.net/verify?token=abc123,malicious
http://facebook.gq/account/suspended,malicious
http://instagram-billing.xyz/security/check,malicious
http://bankofamerica.gq/auth,malicious
http://real-instagram.online/payment/verify,malicious
http://paypal-secure-validation.tk/signin,malicious
http://@pple.info/security/check,malicious
http://google-suspend.site/billing/update,malicious
http://amazon.account-update.org/verify.php,malicious
http://my-bankofamerica.ga/signin.php,malicious
http://securetwitter.ga/payment/verify,malicious
http://twitter-secure-billing.biz/signin.php,malicious
http://dropbox-billing.xyz/verify,malicious
http://aobe.ml/signin,malicious
http://wh4tsapp.ga/account/verify,malicious
http://themastercard.site/confirm,malicious
http://cchase.info/verify.php,malicious
http://bankofamerica-secure.info/account,malicious
http://ebay-security.club/signin.php,malicious
http://spotify-recover.info/login?redirect=true,malicious
http://spotify-recover.club/update/account,malicious
http://whatsapp-unlock.top/payment/verify,malicious
http://google-billing.cf/account/verify,malicious
http://what5app.org/confirm,malicious
http://access-facebook.ga/verify,malicious
http://amazon-access.org/signin,malicious
http://dropbox-secure-warning.org/account,malicious
http://facebook-care.info/auth,malicious
http://spotify-recover.site/update/account,malicious
http://mastercard-warning.net/auth,malicious
http://chase-service.site/confirm,malicious
http://facebook-login.tk/signin.php,malicious
http://paypal-support.xyz/verify,malicious
http://confirm-wellsfargo.xyz/update,malicious
http://chase-payment.club/verify.php,malicious
http://spotify-alert.ml/auth,malicious
http://aple.top/verify.php,malicious
http://microsofft.info/confirm/identity,malicious
http://amazon.ga/payment/verify,malicious
http://mastercard.xyz/secure/login,malicious
http://linkedin-locked.top/verify,malicious
http://netlix.tk/confirm,malicious
http://ebay-locked.top/login,malicious
http://google-alert.gq/confirm,malicious
http://paypal-help.top/billing/update,malicious
http://mcrosoft.online/signin,malicious
http://amazon-secure-alert.info/verify?token=abc123,malicious
http://chase-auth.net/billing/update,malicious
http://whatsapp-security.cf/secure/login,malicious
http://mastercard-secure-alert.xyz/account,malicious
http://spotify.account-update.net/account/suspended,malicious
http://bankofamerica-payment.cf/signin,malicious
http://vis4.info/account/verify,malicious
http://facebook.login-verify.biz/account/verify,malicious
http://v!sa-login.top/login?redirect=true,malicious
http://whatsapp-service.club/account/suspended,malicious
http://spotify.top/verify?token=abc123,malicious
http://instagram-secure.cf/account,malicious
http://dropbox-recover.tk/auth,malicious
http://dropbox-verify.net/account/suspended,malicious
http://new-google.cf/signin.php,malicious
http://l!nkedin-login.gq/account/verify,malicious
http://apple-service.ga/account,malicious
http://service-mastercard.site/signin,malicious
http://securepaypal.online/confirm/identity,malicious
http://login-netflix.org/auth,malicious
http://apple-signin.club/confirm,malicious
http://bankofamerica-secure-manage.net/verify.php,malicious
http://dropbox-reward.ml/account/verify,malicious
http://!nstagram-login.gq/confirm,malicious
http://manage-twitter.top/signin,malicious
http://wellsfar9o-login.ga/login?redirect=true,malicious
http://the-facebook.ga/billing/update,malicious
http://verifydropbox.online/confirm,malicious
http://likedin.info/verify,malicious
http://twitter.top/confirm,malicious
http://adobe-secure-warning.club/security/check,malicious
http://amazonverify.info/verify,malicious
http://linkediin.gq/account/suspended,malicious
http://chase-alert.info/payment/verify,malicious
http://wellsf@rgo.ga/signin.php,malicious
http://adobe-access.cf/payment/verify,malicious
http://paypalsecure.online/verify?token=abc123,malicious
http://mastercard-secure-billing.gq/signin,malicious
http://dropbox-secure-help.gq/confirm,malicious
http://ebay-warning.ml/secure/login,malicious
http://what$app-login.ga/verify?token=abc123,malicious
http://dropbox-secure.site/confirm,malicious
http://wellsfaargo.xyz/payment/verify,malicious
http://whatsapp-support.site/account/suspended,malicious
http://microsoft-account.xyz/login.php,malicious
http://netflixapp.net/update,malicious
http://apple-banking.net/billing/update,malicious
http://twitterverify.ga/login?redirect=true,malicious
http://theebay.gq/login?redirect=true,malicious
http://best-google.gq/secure,malicious
http://safe-amazon.online/security/check,malicious
http://chase.phishing-site.club/verify?token=abc123,malicious
http://instagram-secure-alert.info/payment/verify,malicious
http://wellsfargo-signin.cf/login?redirect=true,malicious
http://bankofamerica.secure-login.tk/account,malicious
http://payment-facebook.club/billing/update,malicious
http://mastercardsafe.club/confirm,malicious
http://help-instagram.xyz/verify,malicious
http://chase-account.cf/signin,malicious
http://update-bankofamerica.online/auth,malicious
http://alert-ebay.tk/auth,malicious
http://spot1fy-login.gq/account/verify,malicious
http://wellsfargo-banking.gq/login?redirect=true,malicious
http://dropbox-signin.info/account,malicious
http://instagram-payment.biz/update/account,malicious
http://payment-dropbox.info/security/check,malicious
http://amazon-secure-alert.top/login,malicious
http://dropbox-secure-manage.org/signin.php,malicious
http://instagram-auth.info/auth,malicious
http://app1e-login.top/account/verify,malicious
http://adobe-center.xyz/confirm,malicious
http://dropbox-care.gq/login.php,malicious
http://twitter-billing.info/signin.php,malicious
http://twitter-access.club/security/check,malicious
http://chase.security-check.net/account,malicious
http://netflix-unlock.net/verify.php,malicious
http://paypal.cf/account/verify,malicious
http://realspotify.cf/confirm/identity,malicious
http://@mazon-login.ga/update,malicious
http://cha$e.online/payment/verify,malicious
http://bankofamerica-refund.online/auth,malicious
http://mastercard-secure-validation.ga/update,malicious
http://ad0be.cf/confirm,malicious
http://google-secure-alert.ga/account,malicious
http://service-instagram.online/account,malicious
http://visa.tk/signin,malicious
http://paypal-banking.site/billing/update,malicious
http://facebook-secure-validation.xyz/security/check,malicious
http://adobe-help.gq/security/check,malicious
http://amaon.ml/update/account,malicious
http://bankofameica.xyz/confirm,malicious
http://adobe-alert.gq/verify,malicious
http://adobe-access.org/update,malicious
http://goog1e.biz/account/verify,malicious
http://172.16.158.174/facebook/login,malicious
http://dropbox-warning.tk/login,malicious
http://microsoft-online.ga/secure/login,malicious
http://inst4gram-login.ga/payment/verify,malicious
http://adobe-center.online/account/suspended,malicious
http://verifychase.info/payment/verify,malicious
http://facebook-account.club/payment/verify,malicious
http://google-confirm.club/account/verify,malicious
http://verifynetflix.ga/billing/update,malicious
http://ebay-suspend.ga/payment/verify,malicious
http://update-bankofamerica.net/payment/verify,malicious
http://ebay.phishing-site.net/verify?token=abc123,malicious
http://microsoft-signin.org/payment/verify,malicious
http://locked-twitter.biz/verify,malicious
http://wh@tsapp.tk/account/suspended,malicious
http://paypal-access.biz/security/check,malicious
http://whasapp.club/secure,malicious
http://linkdin.xyz/account/suspended,malicious
http://adobe-secure-validation.site/login?redirect=true,malicious
http://netflix-center.net/verify.php,malicious
http://192.168.99.116/facebook/login,malicious
http://10.0.126.111/microsoft/update,malicious
http://microsoft-auth.info/verify.php,malicious
http://in$tagram-login.site/verify,malicious
http://netflix.id-verify.cf/update,malicious
http://microsoft-validation.gq/login.php,malicious
http://insta9ram.gq/login?redirect=true,malicious
http://care-ebay.tk/signin,malicious
http://microosoft.gq/account/suspended,malicious
http://new-spotify.ga/account/verify,malicious
http://payypal.online/update,malicious
http://the-adobe.xyz/signin.php,malicious
http://paypal-suspend.xyz/signin,malicious
http://microsoft-confirm.ga/billing/update,malicious
http://google-signin.cf/billing/update,malicious
http://instagram-access.ml/login.php,malicious
http://wellsfargo-signin.org/verify?token=abc123,malicious
http://visa-support.ml/billing/update,malicious
http://best-mastercard.online/security/check,malicious
http://amazonhelp.org/account/suspended,malicious
http://adobe-locked.biz/verify,malicious
http://signin-bankofamerica.ga/update/account,malicious
http://what$app-login.gq/account/suspended,malicious
http://linkedin-signin.top/verify.php,malicious
http://get-chase.club/billing/update,malicious
http://visa-update.cf/account,malicious
http://amazon-secure-manage.org/login.php,malicious
http://my-amazon.cf/verify?token=abc123,malicious
http://microsofft.org/account,malicious
http://chase.account-update.cf/auth,malicious
http://amaz0n.tk/account/suspended,malicious
http://facebook-alert.club/verify?token=abc123,malicious
http://my-visa.ga/billing/update,malicious
http://bankofamerica-validation.site/login,malicious
http://9oogle-login.cf/login.php,malicious
http://3bay-login.net/account/verify,malicious
http://facebook-secure-billing.ga/login.php,malicious
http://istagram.gq/confirm/identity,malicious
http://refund-dropbox.net/auth,malicious
http://ebay.phishing-site.info/security/check,malicious
http://get-microsoft.ga/account/suspended,malicious
http://validation-microsoft.biz/account,malicious
http://validation-twitter.info/login,malicious
http://netflix-payment.top/account,malicious
http://facebook-unlock.cf/security/check,malicious
http://paaypal.ml/account/verify,malicious
http://manage-amazon.org/verify,malicious
http://login-facebook.cf/account/verify,malicious
http://facebook-billing.info/signin,malicious
http://dropbox-alert.club/billing/update,malicious
http://l!nkedin-login.site/payment/verify,malicious
http://p@ypal-login.info/payment/verify,malicious
http://ebay-update.org/verify?token=abc123,malicious
http://instagram-recover.ml/login,malicious
http://auth-ebay.cf/account/verify,malicious
http://in5tagram-login.ga/login.php,malicious
http://chase-banking.top/verify.php,malicious
http://amazon-suspend.org/secure,malicious
http://spot1fy.gq/billing/update,malicious
http://online-google.ga/secure,malicious
http://eb@y.club/security/check,malicious
http://linkedin-portal.gq/auth,malicious
http://linkedin-secure-alert.top/secure/login,malicious
http://facebook-login.club/account,malicious
http://chasse.gq/account/verify,malicious
http://new-google.top/secure,malicious
http://reward-adobe.online/account,malicious
http://spotify-access.biz/update,malicious
http://paypal-validation.top/verify?token=abc123,malicious
http://wellsf4rgo.top/security/check,malicious
http://bankofamerica-online.online/secure,malicious
http://spotify-suspend.org/secure,malicious
http://ne7flix.ml/signin.php,malicious
http://addobe.net/signin,malicious
http://netflix-secure-center.top/secure,malicious
http://google-locked.org/login.php,malicious
http://instagram-secure-suspend.xyz/verify.php,malicious
http://chase-portal.net/verify.php,malicious
http://tw!tter-login.xyz/account/verify,malicious
http://google.cf/signin.php,malicious
http://google-validation.net/login?redirect=true,malicious
http://inst4gram-login.cf/account/suspended,malicious
http://bankofamerica-payment.biz/update/account,malicious
http://adobe-locked.net/billing/update,malicious
http://drobox.info/account,malicious
http://whatsapp-manage.biz/secure,malicious
http://adobe-support.online/login?redirect=true,malicious
http://instagram-help.online/payment/verify,malicious
http://linkedin-login.biz/verify,malicious
http://whatsapp-locked.biz/auth,malicious
http://adobe.phishing-site.ga/billing/update,malicious
http://amazon-help.club/secure,malicious
http://portal-chase.club/verify.php,malicious
http://appl3.biz/update,malicious
http://faceboook.top/update,malicious
http://wellsfargo-reward.net/confirm,malicious
http://google-auth.xyz/verify.php,malicious
http://bankofamerica-manage.ga/account,malicious
http://goog1e.gq/verify?token=abc123,malicious
http://update-whatsapp.site/secure,malicious
http://apple.account-update.gq/payment/verify,malicious
http://notification-microsoft.ml/secure/login,malicious
http://visa-billing.top/login?redirect=true,malicious
http://microsoft-secure-alert.online/login,malicious
http://whatsapp-unlock.net/confirm/identity,malicious
http://bank0famerica.site/billing/update,malicious
http://amazon.login-verify.org/billing/update,malicious
http://paypal-verify.top/verify,malicious
http://securewellsfargo.info/verify.php,malicious
http://instagram-locked.club/auth,malicious
http://visa-recover.xyz/confirm/identity,malicious
http://netflix-web.club/security/check,malicious
http://wha7sapp-login.xyz/security/check,malicious
http://paypa1.biz/login?redirect=true,malicious
http://service-bankofamerica.top/verify,malicious
http://safeebay.cf/login?redirect=true,malicious
http://ebay-validation.biz/account/suspended,malicious
http://1nstagram-login.net/verify,malicious
http://netflix-secure-manage.ga/verify.php,malicious
http://paypal-secure-manage.site/login,malicious
http://apple.suspended-account.ml/signin.php,malicious
http://microsoft.account-update.biz/secure,malicious
http://paypal-secure-suspend.biz/login.php,malicious
http://chase-login.net/billing/update,malicious
http://instagram-reward.cf/auth,malicious
http://instagramhelp.ml/verify,malicious
http://bestapple.tk/auth,malicious
http://bankofamerca.tk/account/verify,malicious
http://aobe.xyz/billing/update,malicious
http://new-spotify.online/update,malicious
http://wellsfargo-account.net/signin.php,malicious
http://adobe-verify.site/account,malicious
http://insagram.club/secure,malicious
http://signin-wellsfargo.biz/account/verify,malicious
http://spotify-account.cf/login.php,malicious
http://paypal-alert.ga/account/suspended,malicious
http://facebok.top/secure/login,malicious
http://chase.tk/signin.php,malicious
http://netflix-portal.biz/security/check,malicious
http://dropbox-manage.org/secure/login,malicious
http://microsoft-update.ga/auth,malicious
http://adobe-payment.ml/secure,malicious
http://reallinkedin.site/update,malicious
http://instagram-secure-manage.top/update/account,malicious
http://amazon-secure.org/verify?token=abc123,malicious
http://spotify-login.info/secure/login,malicious
http://insta9ram.cf/billing/update,malicious
http://bankofamerica-access.club/update/account,malicious
http://twitter-login.net/verify,malicious
http://twitter-secure-manage.gq/verify,malicious
http://whatsapp-secure-center.top/signin,malicious
http://facebook-help.cf/secure/login,malicious
http://micro$oft.club/update,malicious
http://verify-chase.org/payment/verify,malicious
http://microsoft.tk/security/check,malicious
http://officialfacebook.gq/security/check,malicious
http://spotify-billing.ml/auth,malicious
http://spotify-locked.club/account/verify,malicious
http://@mazon.ga/login.php,malicious
http://mastercard-center.net/account/verify,malicious
http://dropbox-unlock.biz/verify?token=abc123,malicious
http://chas3-login.info/login?redirect=true,malicious
http://apple.id-verify.tk/secure,malicious
http://dropboxportal.tk/verify,malicious
http://paypal-secure.ga/account,malicious
http://10.0.80.184/banking/secure,malicious
http://in$tagram.site/signin.php,malicious
http://account-netflix.xyz/login.php,malicious
http://l!nkedin.site/login?redirect=true,malicious
http://validation-visa.top/account/verify,malicious
http://bankofamerica-locked.net/secure/login,malicious
http://visa-secure.tk/login.php,malicious
http://facebook-signin.org/account,malicious
http://validation-google.info/auth,malicious
http://facebook-app.ml/confirm/identity,malicious
http://best-mastercard.tk/verify?token=abc123,malicious
http://account-paypal.ml/verify,malicious
http://dropboxsignin.ml/payment/verify,malicious
http://signinmastercard.ml/billing/update,malicious
http://my-twitter.top/login,malicious
http://spotify-payment.tk/account/verify,malicious
http://chase-warning.top/account/verify,malicious
http://spotiffy.ml/update,malicious
http://facebook-alert.gq/billing/update,malicious
http://dropboxsecure.club/signin,malicious
http://bankofamerica-portal.top/secure/login,malicious
http://myadobe.ga/signin.php,malicious
http://dropboxx.info/account/verify,malicious
http://google-warning.info/secure,malicious
http://amazon-care.biz/payment/verify,malicious
http://officialchase.online/signin.php,malicious
http://payment-netflix.site/signin,malicious
http://mastercard-update.xyz/update,malicious
http://linkedin-service.tk/signin.php,malicious
http://notification-wellsfargo.cf/security/check,malicious
http://in$tagram.org/confirm/identity,malicious
http://adobe-confirm.gq/verify.php,malicious
http://dropbox-verify.info/login?redirect=true,malicious
http://spotify-service.cf/confirm,malicious
http://chase-alert.tk/account/suspended,malicious
http://chase.xyz/security/check,malicious
http://ma$tercard-login.biz/login?redirect=true,malicious
http://google-alert.xyz/verify.php,malicious
http://chase-refund.online/payment/verify,malicious
http://linkedin-verify.tk/signin.php,malicious
http://apple-update.site/signin.php,malicious
http://safegoogle.online/verify,malicious
http://account-mastercard.net/account/verify,malicious
http://p@ypal-login.org/payment/verify,malicious
http://adobe-billing.tk/signin.php,malicious
http://apple-center.ga/confirm/identity,malicious
http://google-secure-manage.org/signin,malicious
http://mastercard-recover.top/verify,malicious
http://chase-recover.online/account,malicious
http://mastercardsecure.top/payment/verify,malicious
http://spotifyweb.net/confirm/identity,malicious
http://ebay-secure.ga/account,malicious
http://google-support.gq/secure,malicious
http://whatsapp-signin.site/payment/verify,malicious
http://welsfargo.gq/verify,malicious
http://signin-dropbox.cf/login.php,malicious
http://dropbox-alert.cf/account/verify,malicious
http://amazon-secure-suspend.org/confirm,malicious
http://spotify-secure-alert.org/account/suspended,malicious
http://mas7ercard.ga/security/check,malicious
http://loginvisa.tk/signin.php,malicious
http://amazon.top/auth,malicious
http://microsoft-secure-suspend.club/confirm,malicious
http://twiter.xyz/verify?token=abc123,malicious
http://amazon-warning.tk/account,malicious
http://spotify-warning.club/payment/verify,malicious
http://wellsfargo-manage.ga/login?redirect=true,malicious
http://bankofamerica-signin.club/login,malicious
http://dropbox-payment.gq/verify,malicious
http://mastercard.verify-now.site/confirm,malicious
http://signin-instagram.net/signin,malicious
http://apple-validation.net/login?redirect=true,malicious
http://ebay-help.info/login,malicious
http://google-access.club/login?redirect=true,malicious
http://mastercard-notification.gq/account/suspended,malicious
http://microsoft-secure-help.gq/verify?token=abc123,malicious
http://signin-mastercard.org/update,malicious
http://dropbox.cf/login.php,malicious
http://insta9ram-login.gq/confirm/identity,malicious
http://mastercard-recover.site/security/check,malicious
http://spotify.cf/confirm,malicious
http://instagram-account.tk/login,malicious
http://dr0pbox.club/security/check,malicious
http://whatsappweb.ga/account,malicious
http://twitter.phishing-site.xyz/signin.php,malicious
http://bankofamericaaccount.info/billing/update,malicious
http://best-microsoft.info/verify?token=abc123,malicious
http://adobeweb.ga/verify?token=abc123,malicious
http://facebook-recover.ml/payment/verify,malicious
http://linkedin-access.gq/payment/verify,malicious
http://whatsapp-warning.cf/login,malicious
http://access-facebook.ga/update/account,malicious
http://ebay-manage.xyz/billing/update,malicious
http://twitter-care.club/verify,malicious
http://chase-account.ga/signin.php,malicious
http://bestmicrosoft.gq/secure/login,malicious
http://micrrosoft.biz/login?redirect=true,malicious
http://twitter.ml/signin.php,malicious
http://4pple.xyz/secure,malicious
http://!nstagram.gq/account/verify,malicious
http://security-twitter.ml/secure,malicious
http://innstagram.org/verify.php,malicious
http://bestgoogle.gq/verify?token=abc123,malicious
http://facebook-locked.biz/verify,malicious
http://linkedin-support.info/billing/update,malicious
http://wellsargo.info/update/account,malicious
http://whatsappp.ga/signin,malicious
http://apple-support.info/secure/login,malicious
http://netflix-confirm.online/signin.php,malicious
http://manage-bankofamerica.ga/verify,malicious
http://twitter-help.xyz/account,malicious
http://netflix-verify.gq/secure/login,malicious
http://amazon-update.ga/account/suspended,malicious
http://adobe-secure-center.ml/update/account,malicious
http://instagram-update.gq/confirm/identity,malicious
http://googe.club/login,malicious
http://dropboxverify.net/account/verify,malicious
http://ch@se.ml/secure/login,malicious
http://bankofamerica-validation.ga/login,malicious
http://official-spotify.org/billing/update,malicious
http://netflix-support.biz/login?redirect=true,malicious
http://ebaysafe.biz/account/suspended,malicious
http://dropbox-portal.club/update,malicious
http://verify-netflix.ga/login?redirect=true,malicious
http://visa-secure-center.tk/login?redirect=true,malicious
http://visa-app.net/secure/login,malicious
http://mastercard-support.top/login.php,malicious
http://amazon.verify-now.net/verify,malicious
http://dropbox-refund.ga/account/suspended,malicious
http://ebay-secure-center.cf/payment/verify,malicious
http://microsoft-confirm.biz/login.php,malicious
http://care-adobe.site/account/suspended,malicious
http://bannkofamerica.biz/login.php,malicious
http://wh@tsapp-login.site/signin.php,malicious
http://paypal-help.cf/auth,malicious
http://spotify-verify.site/account/suspended,malicious
http://ebay-notification.cf/confirm,malicious
http://amazon-support.online/account/suspended,malicious
http://chas3.org/update/account,malicious
http://adobe-login.gq/login?redirect=true,malicious
http://microsoft-service.tk/secure,malicious
http://adobe-portal.net/account,malicious
http://apple-login.tk/account/verify,malicious
http://f@cebook-login.site/payment/verify,malicious
http://best-spotify.org/auth,malicious
http://applle.online/payment/verify,malicious
http://spotify-unlock.tk/confirm,malicious
http://fac3book.net/update/account,malicious
http://whatsapp-security.tk/auth,malicious
http://sppotify.info/security/check,malicious
http://micro$oft-login.club/verify?token=abc123,malicious
http://netflix.suspended-account.site/verify.php,malicious
http://adobehelp.org/signin.php,malicious
http://@dobe.xyz/login.php,malicious
http://instagram-suspend.gq/verify.php,malicious
http://wellsfargo-suspend.biz/auth,malicious
http://whatsapp-auth.org/security/check,malicious
http://mastercard.login-verify.biz/account/verify,malicious
http://mastercard-manage.site/update,malicious
http://instagram-secure-warning.top/login?redirect=true,malicious
http://ebay-confirm.biz/payment/verify,malicious
http://netflix-help.ml/account/suspended,malicious
http://onlineinstagram.top/signin.php,malicious
http://reallinkedin.top/secure/login,malicious
http://alert-dropbox.top/signin,malicious
http://myebay.online/auth,malicious
http://twitter-secure-validation.club/verify?token=abc123,malicious
http://mastercard-secure-warning.biz/account,malicious
http://wellsfargo-locked.info/account,malicious
http://the-mastercard.site/confirm,malicious
http://microsoftsafe.online/account/verify,malicious
http://paypal.login-verify.tk/account/verify,malicious
http://facebook-safe.org/verify?token=abc123,malicious
http://microsoft.secure-login.tk/security/check,malicious
http://chase-care.net/account/suspended,malicious
http://micro$oft-login.ga/secure/login,malicious
http://faebook.xyz/security/check,malicious
http://adobe-billing.xyz/account,malicious
http://instagram-signin.online/update/account,malicious
http://ebay-warning.biz/account/suspended,malicious
http://mastercardweb.ml/login.php,malicious
http://instagram-refund.org/update/account,malicious
http://login-chase.biz/update,malicious
http://microsoft-support.top/login,malicious
http://wellsfargo.security-check.info/auth,malicious
http://secure-whatsapp.club/signin.php,malicious
http://link3din.ga/verify,malicious
http://wh@tsapp-login.cf/verify,malicious
http://amazon-safe.club/verify,malicious
http://netf1ix.gq/secure/login,malicious
http://visa-account.ml/auth,malicious
http://adobe-notification.club/security/check,malicious
http://chase-service.top/auth,malicious
http://ch4se.info/verify.php,malicious
http://dropbox-manage.top/security/check,malicious
http://wellsfargo-validation.gq/signin.php,malicious
http://wwellsfargo.cf/update/account,malicious
http://visa-signin.biz/confirm/identity,malicious
http://whatsapp.xyz/login?redirect=true,malicious
http://paypal-help.gq/account,malicious
http://chase-locked.cf/signin.php,malicious
http://spotify-update.top/update,malicious
http://facebook-update.gq/secure,malicious
http://m1crosoft-login.ml/auth,malicious
http://4mazon.biz/login,malicious
http://dropbox-auth.top/login,malicious
http://amazzon.cf/login.php,malicious
http://mastercard.id-verify.biz/confirm,malicious
http://instagram-secure-alert.tk/auth,malicious
http://whatsapp-locked.cf/account/suspended,malicious
http://dr0pbox-login.top/verify.php,malicious
http://support-mastercard.ml/auth,malicious
http://adobe-reward.club/confirm/identity,malicious
http://banofamerica.xyz/signin,malicious
http://instagramservice.ga/login.php,malicious
http://chase-verify.club/signin.php,malicious
http://verify-dropbox.tk/payment/verify,malicious
http://spot!fy-login.net/billing/update,malicious
http://adobehelp.net/update/account,malicious
http://wellsfrgo.xyz/payment/verify,malicious
http://ne7flix-login.biz/account,malicious
http://notification-adobe.tk/security/check,malicious
http://mastercard.top/signin,malicious
http://amazon-reward.gq/auth,malicious
http://bankofamerica-signin.biz/account,malicious
http://twitter-security.ml/payment/verify,malicious
http://alert-chase.ml/signin.php,malicious
http://mastercardaccount.ml/login.php,malicious
http://droppbox.xyz/billing/update,malicious
http://visa-secure-warning.cf/login,malicious
http://netflixweb.site/verify.php,malicious
http://google-secure-validation.biz/account/suspended,malicious
http://bankofamericasupport.info/account/suspended,malicious
http://banking-google.biz/signin.php,malicious
http://microsoft.cf/secure/login,malicious
http://twitter-suspend.org/secure/login,malicious
http://twitter-secure.ga/login.php,malicious
http://real-dropbox.tk/verify,malicious
http://support-whatsapp.tk/login,malicious
http://instagram-support.gq/account/verify,malicious
http://amazon-secure-validation.tk/signin,malicious
http://instagram.login-verify.net/update/account,malicious
http://google-update.ml/account/suspended,malicious
http://wellsf@rgo.ml/login.php,malicious
http://center-instagram.cf/account/verify,malicious
http://verify-facebook.biz/login,malicious
http://instagramm.site/verify,malicious
http://app1e-login.site/confirm,malicious
http://bankofamerica-unlock.biz/verify,malicious
http://paypal-help.info/verify,malicious
http://newvisa.site/security/check,malicious
http://secure-whatsapp.xyz/confirm,malicious
http://!nstagram.biz/verify?token=abc123,malicious
http://chhase.biz/account/suspended,malicious
http://billing-netflix.club/verify?token=abc123,malicious
http://whatsapp-auth.top/auth,malicious
http://billing-mastercard.tk/account/verify,malicious
http://linkedin-secure-validation.gq/account/suspended,malicious
http://91.239.61.166/google/signin,malicious
http://real-facebook.club/confirm,malicious
http://chase-help.club/login?redirect=true,malicious
http://spotify-account.ml/verify?token=abc123,malicious
http://visa-account.gq/account,malicious
http://vis@-login.info/payment/verify,malicious
http://adobe-banking.online/verify.php,malicious
http://netflix-web.site/update/account,malicious
http://paypal-warning.gq/auth,malicious
http://whatsapp-warning.club/signin.php,malicious
http://care-bankofamerica.xyz/billing/update,malicious
http://chase-secure.xyz/account,malicious
http://online-google.info/account/suspended,malicious
http://ammazon.org/login.php,malicious
http://paypal-unlock.info/payment/verify,malicious
http://getmicrosoft.ml/confirm,malicious
http://spotifyy.site/update,malicious
http://m@stercard.club/update,malicious
http://official-netflix.ga/secure,malicious
http://refund-twitter.tk/secure/login,malicious
http://care-amazon.ga/login?redirect=true,malicious
http://wellsfargosupport.club/confirm,malicious
http://eb4y-login.top/auth,malicious
http://facebookservice.site/account/verify,malicious
http://chase-alert.club/signin.php,malicious
http://whatsapp-refund.site/verify?token=abc123,malicious
http://adobe-validation.biz/confirm/identity,malicious
http://mastercard-help.online/confirm,malicious
http://wellsfargo-payment.ml/confirm/identity,malicious
http://visa-recover.info/login?redirect=true,malicious
http://google-refund.org/login.php,malicious
http://apple-notification.xyz/update/account,malicious
http://get-amazon.site/signin,malicious
http://microsoft-care.gq/account/verify,malicious
http://adobe-support.biz/verify.php,malicious
http://well$fargo.gq/account/suspended,malicious
http://chase-support.xyz/login?redirect=true,malicious
http://google-notification.club/verify,malicious
http://bankofamrica.online/confirm/identity,malicious
http://bankofamerica-secure.ga/verify?token=abc123,malicious
http://linkedin-update.net/verify,malicious
http://1inkedin-login.online/verify,malicious
http://ins7agram-login.gq/login?redirect=true,malicious
http://wellsf4rgo.site/secure/login,malicious
http://wellsfargo-reward.gq/update,malicious
http://billing-mastercard.biz/security/check,malicious
http://facebook-suspend.online/signin,malicious
http://amazonsupport.online/verify.php,malicious
http://the-paypal.info/account/verify,malicious
http://instagram-help.ml/login.php,malicious
http://linkein.info/security/check,malicious
http://the-ebay.gq/login?redirect=true,malicious
http://insta9ram-login.cf/verify,malicious
http://secure-whatsapp.gq/billing/update,malicious
http://chase-access.top/account/suspended,malicious
http://adobe-app.ga/billing/update,malicious
http://service-visa.gq/secure,malicious
http://wellsfargo-billing.org/verify?token=abc123,malicious
http://amazon-validation.biz/signin,malicious
http://apple-access.gq/account/suspended,malicious
http://twitt3r-login.info/account/verify,malicious
http://dropbox-payment.club/account,malicious
http://banking-facebook.info/account/suspended,malicious
http://in$tagram-login.org/payment/verify,malicious
http://apple-banking.tk/login?redirect=true,malicious
http://bankofamericaportal.tk/signin,malicious
http://whatsapp-secure-center.ml/update/account,malicious
http://spotify.verify-now.tk/account,malicious
http://chas3-login.site/account,malicious
http://bankkofamerica.club/account/suspended,malicious
http://dropbox-signin.biz/update,malicious
http://amazon.login-verify.online/verify,malicious
http://ebay-recover.ga/signin.php,malicious
http://goog1e-login.site/verify?token=abc123,malicious
http://wellsfago.online/account/suspended,malicious
http://insta9ram.ml/confirm,malicious
http://manage-visa.top/login?redirect=true,malicious
http://visa-security.site/verify,malicious
http://bankofamerica-secure-billing.info/verify?token=abc123,malicious
http://apple-access.net/secure,malicious
http://apple-refund.ga/billing/update,malicious
http://amazon-banking.info/verify,malicious
http://twitteer.net/signin.php,malicious
http://amazon-manage.cf/signin,malicious
http://wellsfargo.xyz/secure/login,malicious
http://adobe-secure-help.online/verify?token=abc123,malicious
http://netflix-auth.ml/verify?token=abc123,malicious
http://whatsapp-verify.biz/security/check,malicious
http://ebay-center.xyz/secure,malicious
http://netflixportal.online/login.php,malicious
http://suspend-facebook.site/secure/login,malicious
http://dropbox-locked.online/secure/login,malicious
http://wellsfarggo.biz/account,malicious
http://validation-facebook.net/payment/verify,malicious
http://m!crosoft-login.site/signin,malicious
http://adobe-signin.ml/auth,malicious
http://login-instagram.ml/signin,malicious
http://paypal.ga/confirm/identity,malicious
http://microsoftt.biz/login.php,malicious
http://netflix-secure-validation.biz/verify,malicious
http://apple-center.cf/verify?token=abc123,malicious
http://facebook-center.online/confirm,malicious
http://ammazon.top/confirm/identity,malicious
http://secureadobe.ml/account/verify,malicious
http://vi$a-login.ml/confirm,malicious
http://bankofamerica-secure-billing.tk/update,malicious
http://spot!fy.ml/login,malicious
http://netflix.xyz/confirm/identity,malicious
http://facebook-auth.online/signin.php,malicious
http://officialvisa.ga/billing/update,malicious
http://ma$tercard.tk/confirm,malicious
http://m4stercard-login.ml/login?redirect=true,malicious
http://wellsfargo.top/confirm/identity,malicious
http://apple-secure-billing.info/account/suspended,malicious
http://payment-chase.xyz/security/check,malicious
http://instagram-signin.info/confirm/identity,malicious
http://reward-mastercard.cf/login.php,malicious
http://verify-chase.ga/update/account,malicious
http://notification-whatsapp.cf/login,malicious
http://gettwitter.ml/security/check,malicious
http://google-support.info/verify,malicious
http://vi$a.info/update,malicious
http://onlinepaypal.xyz/verify.php,malicious
http://wellsfargo-support.biz/confirm,malicious
http://nettflix.tk/secure/login,malicious
http://bestapple.top/account/suspended,malicious
http://adobe-secure-alert.ga/update,malicious
http://apple-account.org/signin.php,malicious
http://appple.xyz/billing/update,malicious
http://chase-secure-center.org/login?redirect=true,malicious
http://droopbox.biz/login.php,malicious
http://paypal-validation.online/login.php,malicious
http://alert-adobe.net/signin.php,malicious
http://micro$oft.ga/account,malicious
http://ebay-safe.biz/login,malicious
http://paypal-secure.online/account,malicious
http://google-notification.net/signin.php,malicious
http://facebooksafe.biz/login.php,malicious
http://instgram.ga/account/verify,malicious
http://wellsfargoonline.club/confirm,malicious
http://m1crosoft.ml/account/suspended,malicious
http://visa-secure-validation.online/secure,malicious
http://inst@gram.biz/account/suspended,malicious
http://security-visa.info/login,malicious
http://dropbox-support.top/account/suspended,malicious
http://getgoogle.online/confirm/identity,malicious
http://link3din-login.org/confirm,malicious
http://instagram-notification.ml/account/suspended,malicious
http://instagram.phishing-site.cf/account/suspended,malicious
http://wellsfago.club/verify?token=abc123,malicious
http://paypal-care.online/account/suspended,malicious
http://adobe-validation.cf/secure/login,malicious
http://access-twitter.biz/verify,malicious
http://bankofamerica-suspend.online/confirm/identity,malicious
http://visa-secure-alert.cf/signin.php,malicious
http://mast3rcard-login.net/security/check,malicious
http://wellsfargo.tk/verify.php,malicious
http://linkein.club/confirm,malicious
http://linkedin-care.club/secure,malicious
http://chase-warning.tk/secure,malicious
http://spotifyy.top/verify.php,malicious
http://visa-security.club/update/account,malicious
http://v!sa-login.site/verify?token=abc123,malicious
http://google-center.info/verify?token=abc123,malicious
http://bestwellsfargo.ga/confirm/identity,malicious
http://welllsfargo.top/login,malicious
http://service-spotify.xyz/signin.php,malicious
http://paypal-account.biz/account,malicious
http://newlinkedin.biz/signin.php,malicious
http://microsoftsignin.ga/login,malicious
http://9oogle.cf/secure/login,malicious
http://help-apple.online/update,malicious
http://bankofamer1ca-login.site/payment/verify,malicious
http://amazon-secure-center.ga/security/check,malicious
http://myamazon.org/login.php,malicious
http://spotify-support.gq/login.php,malicious
http://best-apple.top/login.php,malicious
http://bankofamerica.verify-now.ga/secure/login,malicious
http://netflix-suspend.xyz/account/suspended,malicious
http://what5app.gq/secure/login,malicious
http://bankfamerica.gq/update,malicious
http://microsft.tk/signin,malicious
http://unlock-linkedin.biz/verify.php,malicious
http://spotify-manage.biz/account/suspended,malicious
http://paypal-verify.net/auth,malicious
http://twitter-center.tk/secure/login,malicious
http://verifywhatsapp.cf/login?redirect=true,malicious
http://netflix.id-verify.site/payment/verify,malicious
http://wellsfargo-auth.net/security/check,malicious
http://billing-visa.cf/signin.php,malicious
http://mastercard.gq/payment/verify,malicious
http://dropbox-secure.ga/billing/update,malicious
http://get-netflix.top/verify,malicious
http://microsoftsite.online/confirm/identity,malicious
http://twitter.phishing-site.net/update,malicious
http://verify-microsoft.cf/confirm/identity,malicious
http://mast3rcard.ga/update,malicious
http://visa-payment.gq/verify,malicious
http://access-microsoft.top/signin.php,malicious
http://wellsfargo-service.net/signin.php,malicious
http://google-security.ga/signin,malicious
http://apple-service.cf/login,malicious
http://aamazon.net/account/verify,malicious
http://verify-whatsapp.cf/verify?token=abc123,malicious
http://whatsappverify.top/secure/login,malicious
http://dropbox-unlock.top/verify,malicious
http://nnetflix.top/account,malicious
http://linkedin.tk/verify,malicious
http://mastercard-secure-help.biz/account/verify,malicious
http://real-amazon.club/verify.php,malicious
http://whatsapponline.club/billing/update,malicious
http://twitter-signin.online/verify.php,malicious
http://wellsfargo-login.site/signin,malicious
http://$potify-login.site/account/suspended,malicious
http://google-account.biz/signin.php,malicious
http://aple.cf/billing/update,malicious
http://visa-center.ga/verify?token=abc123,malicious
http://linkedin-service.top/login,malicious
http://amazon-service.cf/confirm,malicious
http://paypal-refund.site/signin.php,malicious
http://whatsapp-secure-help.xyz/auth,malicious
http://chase-account.ml/secure/login,malicious
http://bankofamericasupport.net/verify?token=abc123,malicious
http://dropbox-validation.net/auth,malicious
http://paypal-secure-center.site/secure,malicious
http://twitterverify.tk/confirm/identity,malicious
http://bankofamerica-refund.tk/verify,malicious
http://secure-twitter.cf/auth,malicious
http://officialspotify.org/confirm/identity,malicious
http://microsoftt.xyz/account/verify,malicious
http://whatsappp.ml/confirm,malicious
http://real-facebook.gq/login.php,malicious
http://google-help.cf/signin.php,malicious
http://netflix-login.site/login?redirect=true,malicious
http://w3llsfargo.site/confirm,malicious
http://applee.site/signin.php,malicious
http://apple-help.cf/login?redirect=true,malicious
http://spot!fy.net/login?redirect=true,malicious
http://chase-security.cf/billing/update,malicious
http://visa-locked.biz/security/check,malicious
http://micr0soft-login.net/payment/verify,malicious
http://!nstagram-login.cf/payment/verify,malicious
http://whatsapp.cf/verify.php,malicious
http://whatsapp.phishing-site.net/security/check,malicious
http://ebay-update.ml/billing/update,malicious
http://instagram-banking.info/billing/update,malicious
http://appple.tk/account,malicious
http://ebay.suspended-account.ml/login,malicious
http://paypal-update.site/account/suspended,malicious
http://real-amazon.org/account/suspended,malicious
http://chase-verify.gq/secure/login,malicious
http://facebook.verify-now.info/signin,malicious
http://l1nkedin.tk/login,malicious
http://wellfargo.tk/auth,malicious
http://microsoftsafe.gq/signin.php,malicious
http://freebankofamerica.site/confirm,malicious
http://4pple-login.club/signin,malicious
http://netflix-secure-alert.club/confirm,malicious
http://paypal-security.info/login.php,malicious
http://whatsapp.verify-now.xyz/verify.php,malicious
http://netfl!x.site/security/check,malicious
http://sotify.ml/confirm/identity,malicious
http://adobe-suspend.info/login.php,malicious
http://signininstagram.top/secure/login,malicious
http://vis@.xyz/login.php,malicious
http://banking-apple.xyz/confirm,malicious
http://chase-suspend.top/secure/login,malicious
http://microsoft-notification.top/update/account,malicious
http://whatsapp-suspend.ml/billing/update,malicious
http://chase-refund.gq/login,malicious
http://recover-wellsfargo.online/billing/update,malicious
http://instagram-refund.online/signin,malicious
http://google-service.online/account/suspended,malicious
http://linkedin-web.top/secure/login,malicious
http://paypal-payment.ga/login.php,malicious
http://apple-safe.site/login?redirect=true,malicious
http://dropbox-signin.ml/billing/update,malicious
http://twitter-unlock.biz/payment/verify,malicious
http://10.0.146.173/account/verify,malicious
http://new-netflix.cf/signin,malicious
http://amazon-signin.biz/secure/login,malicious
http://paypal-care.ga/update,malicious
http://bankofaamerica.xyz/confirm/identity,malicious
http://netflix-secure.ga/login?redirect=true,malicious
http://papal.club/account,malicious
http://whatsapp-access.ga/signin.php,malicious
http://login-visa.tk/verify.php,malicious
http://faccebook.biz/billing/update,malicious
http://amazon-secure-warning.org/signin.php,malicious
http://ebbay.club/confirm/identity,malicious
http://whatsapp-notification.site/verify.php,malicious
http://facebook.ga/login,malicious
http://visa-refund.top/account/suspended,malicious
http://signin-dropbox.net/verify,malicious
http://vis@.info/verify?token=abc123,malicious
http://twitter-support.org/account/verify,malicious
http://instagram-update.club/login,malicious
http://in$tagram-login.tk/verify,malicious
http://amazon-support.tk/verify?token=abc123,malicious
http://signin-paypal.cf/verify,malicious
http://wellsfargo.suspended-account.site/signin,malicious
http://locked-paypal.top/confirm/identity,malicious
http://facebook-center.tk/account,malicious
http://my-amazon.org/account/suspended,malicious
http://amazon-notification.net/verify?token=abc123,malicious
http://spo7ify-login.ga/login,malicious
http://login-twitter.club/verify,malicious
http://spotify-auth.tk/signin.php,malicious
http://wellsfargo.secure-login.club/signin.php,malicious
http://bankofamer!ca-login.info/verify?token=abc123,malicious
http://netflix-manage.gq/secure/login,malicious
http://security-ebay.net/verify,malicious
http://whatsapp-payment.net/secure,malicious
http://dropbox-alert.site/signin,malicious
http://bankofamerica-validation.top/auth,malicious
http://warning-netflix.net/verify.php,malicious
http://bankofamerica-suspend.top/signin,malicious
http://insta9ram-login.ml/verify.php,malicious
http://apple-suspend.site/confirm/identity,malicious
http://linkedin-payment.info/security/check,malicious
http://twwitter.ga/login,malicious
http://instagramverify.biz/update,malicious
http://wellsfargo-center.xyz/login.php,malicious
http://ebay-billing.club/secure/login,malicious
http://accessmastercard.org/login.php,malicious
http://google-secure.ga/billing/update,malicious
http://ad0be.online/confirm,malicious
http://amazonsupport.net/auth,malicious
http://suspend-netflix.online/verify,malicious
http://access-apple.net/auth,malicious
http://wellsfargo-manage.tk/update,malicious
http://mastercard.ga/login,malicious
http://facebook-secure-billing.biz/account/suspended,malicious
http://twitter-alert.xyz/login.php,malicious
http://watsapp.site/account,malicious
http://spotifysecure.ml/login?redirect=true,malicious
http://applle.org/payment/verify,malicious
http://unlock-linkedin.org/verify.php,malicious
http://instagrm.xyz/signin,malicious
http://visa-notification.xyz/confirm/identity,malicious
http://7witter-login.net/account,malicious
http://visa.verify-now.xyz/update,malicious
http://linkedin-refund.club/payment/verify,malicious
http://whatsapp.security-check.top/auth,malicious
http://neetflix.ml/account/suspended,malicious
http://microsoft-update.xyz/account/verify,malicious
http://linkedin.suspended-account.top/verify,malicious
http://g0ogle.site/login,malicious
http://chase-confirm.xyz/account,malicious
http://paypalportal.site/signin.php,malicious
http://linkedin-update.tk/security/check,malicious
http://ebay-service.gq/secure,malicious
http://whatsapp-secure-warning.online/payment/verify,malicious
http://bankofamerica-auth.info/account/verify,malicious
http://amazon.tk/account/verify,malicious
http://notification-chase.club/verify.php,malicious
http://masttercard.net/verify,malicious
http://adobe-auth.online/payment/verify,malicious
http://paypal.top/verify.php,malicious
http://linkedin-validation.org/account/verify,malicious
http://whatsap.gq/security/check,malicious
http://amaz0n-login.biz/confirm/identity,malicious
http://linkedin-verify.gq/account/verify,malicious
http://spotify-login.org/login,malicious
http://linkedn.biz/verify.php,malicious
http://netflix-center.org/verify?token=abc123,malicious
http://safe-apple.xyz/verify,malicious
http://reward-wellsfargo.net/signin,malicious
http://visa-verify.xyz/verify,malicious
http://m@stercard.cf/update/account,malicious
http://ebay-auth.net/billing/update,malicious
http://adobe-app.biz/payment/verify,malicious
http://wha7sapp.gq/verify?token=abc123,malicious
http://mastercard-portal.ga/signin,malicious
http://m1crosoft.online/payment/verify,malicious
http://twitter-web.ga/auth,malicious
http://secureadobe.site/confirm,malicious
http://whatsapp-secure-warning.net/billing/update,malicious
http://microsoft-signin.ga/secure,malicious
http://payment-google.tk/secure/login,malicious
http://bankofamerica-secure-alert.club/verify.php,malicious
http://what5app-login.gq/security/check,malicious
http://safepaypal.xyz/security/check,malicious
http://instaram.club/payment/verify,malicious
http://alert-whatsapp.cf/signin,malicious
http://5potify.ga/login.php,malicious
http://signin-whatsapp.gq/signin.php,malicious
http://spo7ify-login.org/account,malicious
http://netflix-banking.info/signin.php,malicious
http://faceook.top/signin,malicious
http://spotify-access.club/verify,malicious
http://masterccard.net/secure/login,malicious
http://bankofamerica-security.info/verify?token=abc123,malicious
http://dropbox-secure-suspend.biz/account,malicious
http://spotify-warning.ga/account/suspended,malicious
http://apple-secure-billing.site/account/verify,malicious
http://netflix-unlock.cf/signin,malicious
http://tw1tter.top/auth,malicious
http://notification-paypal.site/secure,malicious
http://amazon-reward.site/confirm,malicious
http://bankofamer!ca.cf/confirm,malicious
http://accesstwitter.xyz/payment/verify,malicious
http://chase-locked.online/account/verify,malicious
http://payal.cf/confirm/identity,malicious
http://netflix.secure-login.net/billing/update,malicious
http://alert-paypal.ga/auth,malicious
http://amazon-auth.tk/confirm/identity,malicious
http://auth-wellsfargo.ml/verify.php,malicious
http://ebayonline.ml/auth,malicious
http://eb@y.net/account/verify,malicious
http://facebook-support.top/billing/update,malicious
http://visa-online.biz/signin.php,malicious
http://paypal-secure-manage.net/security/check,malicious
http://chase-web.xyz/secure/login,malicious
http://lnkedin.xyz/update,malicious
http://micr0soft.site/login.php,malicious
http://instagram-banking.online/signin,malicious
http://amazon-care.club/payment/verify,malicious
http://facebook-suspend.biz/signin.php,malicious
http://instagram-security.site/update,malicious
http://banofamerica.gq/secure,malicious
http://185.220.208.190/paypal/login,malicious
http://microsoft-payment.tk/login,malicious
http://linkedinn.top/verify,malicious
http://paypal-care.info/auth,malicious
http://signin-instagram.site/account/suspended,malicious
http://spotify-secure-billing.biz/account,malicious
http://paypal-help.club/update/account,malicious
http://netflix-portal.tk/update/account,malicious
http://microsoft-verify.online/account/suspended,malicious
http://91.239.106.90/paypal/login,malicious
http://instagram.cf/account/verify,malicious
http://mytwitter.xyz/update,malicious
http://dropbox.xyz/secure/login,malicious
http://help-paypal.online/login.php,malicious
http://visa.ml/verify.php,malicious
http://portal-whatsapp.club/signin.php,malicious
http://microsoft.ml/account/suspended,malicious
http://paypal-locked.ml/verify.php,malicious
http://bankofamerica-reward.ml/confirm/identity,malicious
http://paypal-web.club/login?redirect=true,malicious
http://apple.top/billing/update,malicious
http://sspotify.top/confirm,malicious
http://linkedin-notification.ga/secure,malicious
http://instagram-access.xyz/secure/login,malicious
http://the-ebay.net/confirm/identity,malicious
http://visa-portal.top/login.php,malicious
http://aadobe.biz/account/verify,malicious
http://login-linkedin.net/update,malicious
http://adobe.cf/login?redirect=true,malicious
http://login-instagram.tk/auth,malicious
http://chase-app.biz/login,malicious
http://twitter-secure-center.ga/secure/login,malicious
http://microsoft-recover.biz/signin,malicious
http://bankofamerica-confirm.gq/auth,malicious
http://ffacebook.ga/auth,malicious
http://chaseverify.top/verify.php,malicious
http://apple-validation.org/secure/login,malicious
http://linkedin-secure-manage.ml/payment/verify,malicious
http://visa-verify.site/secure/login,malicious
http://micr0soft.tk/billing/update,malicious
http://well$fargo-login.gq/login?redirect=true,malicious
http://mastercard-update.site/login,malicious
http://bankofamerica-update.cf/verify.php,malicious
http://paypal-secure-warning.cf/signin,malicious
http://dropbox-center.site/confirm,malicious
http://m4stercard-login.online/update/account,malicious
http://apple-secure-alert.net/billing/update,malicious
http://whatsapp-account.top/login?redirect=true,malicious
http://microsoft-secure-manage.tk/login.php,malicious
http://suspend-facebook.xyz/security/check,malicious
http://the-facebook.ml/login,malicious
http://twitter-secure.tk/secure,malicious
http://mastercard-portal.top/account,malicious
http://paypa1-login.xyz/account/suspended,malicious
http://facebook-locked.gq/confirm/identity,malicious
http://linnkedin.biz/payment/verify,malicious
http://ebay-secure-center.biz/login,malicious
http://account-bankofamerica.club/account/verify,malicious
http://bankofamerica-secure.top/signin.php,malicious
http://link3din-login.ga/verify,malicious
http://visa.gq/update/account,malicious
http://googleverify.club/auth,malicious
http://mastercard-signin.ml/account/verify,malicious
http://visa-access.info/update/account,malicious
http://bankofamerica-secure-suspend.org/verify,malicious
http://login-apple.biz/update/account,malicious
http://whatsapp-help.cf/verify.php,malicious
http://ebaysafe.info/update,malicious
http://wellsf@rgo-login.ga/billing/update,malicious
http://sp0tify-login.xyz/login?redirect=true,malicious
http://google-care.club/account/verify,malicious
http://alert-bankofamerica.ml/verify.php,malicious
http://login-linkedin.club/update/account,malicious
http://reward-wellsfargo.top/security/check,malicious
http://service-linkedin.biz/account/verify,malicious
http://signin-netflix.net/account,malicious
http://banking-apple.biz/payment/verify,malicious
http://facebook-validation.top/billing/update,malicious
http://secure-adobe.site/account/suspended,malicious
http://netflix-help.site/confirm,malicious
http://visa-alert.cf/login,malicious
http://google.account-update.club/billing/update,malicious
http://mastercard-secure.top/login?redirect=true,malicious
http://google-recover.club/secure/login,malicious
http://google-reward.ml/account,malicious
http://apple-recover.cf/verify,malicious
http://billing-netflix.org/account/verify,malicious
http://officialvisa.tk/signin,malicious
http://faacebook.xyz/payment/verify,malicious
http://mastercardlogin.net/billing/update,malicious
http://microsoft-help.info/confirm/identity,malicious
http://chase-login.club/verify.php,malicious
http://wellsfarggo.site/secure,malicious
http://mastercard-care.site/update,malicious
http://linkedin-update.ga/secure/login,malicious
http://mastercard-confirm.xyz/security/check,malicious
http://confirm-linkedin.site/confirm,malicious
http://apple-security.gq/update/account,malicious
http://adobe-reward.org/verify,malicious
http://pypal.ga/login,malicious
http://weellsfargo.tk/login.php,malicious
http://the-amazon.gq/signin.php,malicious
http://visa-auth.gq/confirm,malicious
http://signin-paypal.tk/account/verify,malicious
http://spotify-banking.info/secure/login,malicious
http://apple-warning.site/verify.php,malicious
http://official-ebay.site/billing/update,malicious
http://inst@gram-login.biz/secure,malicious
http://w3llsfargo.gq/verify?token=abc123,malicious
http://amazon-secure.xyz/confirm/identity,malicious
http://signin-wellsfargo.cf/verify,malicious
http://spotify-billing.biz/signin.php,malicious
http://bankofamerica-confirm.xyz/auth,malicious
http://facebook-confirm.gq/verify,malicious
http://visa-verify.top/auth,malicious
http://bankofamerica-secure-suspend.top/auth,malicious
http://mastercard-validation.biz/verify?token=abc123,malicious
http://visa-secure-help.org/login.php,malicious
http://signin-mastercard.ga/auth,malicious
http://amazon-center.org/account/verify,malicious
http://spotify-support.cf/billing/update,malicious
http://bankofamerica-alert.ml/account,malicious
http://@dobe.site/signin.php,malicious
http://spotify-secure-validation.xyz/confirm/identity,malicious
http://microsof7.tk/account/suspended,malicious
http://amazon-payment.top/auth,malicious
http://appleservice.org/signin.php,malicious
http://twitter-notification.site/account,malicious
http://fac3book.info/update/account,malicious
http://paypal-billing.info/signin.php,malicious
http://apple-suspend.online/update/account,malicious
http://applesupport.xyz/secure/login,malicious
http://instagram-auth.xyz/login?redirect=true,malicious
http://linkedinweb.top/confirm/identity,malicious
http://visaa.ga/login?redirect=true,malicious
http://ebay-secure-suspend.gq/account,malicious
http://ebay-portal.biz/confirm/identity,malicious
http://facebook-service.top/billing/update,malicious
http://logininstagram.ml/confirm/identity,malicious
http://bankofamerica-update.club/signin.php,malicious
http://instaggram.club/payment/verify,malicious
http://online-paypal.xyz/account/verify,malicious
http://twitter-auth.biz/update/account,malicious
http://microsoft-secure-warning.online/signin.php,malicious
http://chase-reward.club/security/check,malicious
http://bankoamerica.online/account/suspended,malicious
http://apple-account.cf/confirm,malicious
http://spotify-service.club/signin,malicious
http://care-dropbox.cf/signin.php,malicious
http://chase-help.site/signin.php,malicious
http://secure-microsoft.gq/payment/verify,malicious
http://netf1ix-login.club/account/suspended,malicious
http://aple.gq/update,malicious
http://visa-notification.ml/update/account,malicious
http://$potify.net/signin,malicious
http://whatsapp-manage.online/signin.php,malicious
http://warning-twitter.tk/account/suspended,malicious
http://whatsapp-validation.cf/auth,malicious
http://v1sa.top/payment/verify,malicious
http://dropbox-center.tk/security/check,malicious
http://visa-secure-help.biz/account,malicious
http://locked-paypal.info/secure/login,malicious
http://mastercard-secure.online/secure,malicious
http://twitter-care.info/confirm/identity,malicious
http://adobe-help.net/login,malicious
http://ebay-validation.gq/confirm/identity,malicious
http://vis4-login.info/secure/login,malicious
http://amazon-billing.org/auth,malicious
http://microsoft-portal.org/verify?token=abc123,malicious
http://in5tagram-login.cf/security/check,malicious
http://bankofamerica-service.ml/verify?token=abc123,malicious
http://bestwellsfargo.info/verify.php,malicious
http://facebook-secure-manage.cf/auth,malicious
http://apple-site.org/update/account,malicious
http://@pple-login.net/login?redirect=true,malicious
http://microsoft-billing.site/security/check,malicious
http://netflixapp.xyz/signin.php,malicious
http://twitter-portal.net/verify.php,malicious
http://signin-dropbox.org/verify.php,malicious
http://wellsfargo-secure-validation.org/account,malicious
http://instagram-billing.club/update/account,malicious
http://dropbox-secure-alert.ml/confirm,malicious
http://twitter.ga/verify,malicious
http://paypal-secure-validation.cf/confirm/identity,malicious
http://wellsfaro.org/security/check,malicious
http://paypal-manage.net/billing/update,malicious
http://welsfargo.tk/confirm,malicious
http://twitter-reward.xyz/security/check,malicious
http://instagram-billing.top/account/suspended,malicious
http://google-care.top/update/account,malicious
http://ebay-billing.org/verify?token=abc123,malicious
http://masercard.club/verify?token=abc123,malicious
http://my-adobe.ga/billing/update,malicious
http://netflix.ga/secure,malicious
http://chase-validation.xyz/update,malicious
http://ne7flix.biz/verify?token=abc123,malicious
http://linkedin-locked.club/security/check,malicious
http://googlle.net/update/account,malicious
http://linkedin-access.biz/update/account,malicious
http://apple-portal.org/confirm/identity,malicious
http://dropbox-payment.xyz/secure,malicious
http://bankofamerica-center.ga/verify?token=abc123,malicious
http://ebay.security-check.net/account,malicious
http://dropbox-update.tk/update/account,malicious
http://recover-spotify.info/confirm,malicious
http://wwellsfargo.info/verify.php,malicious
http://whatsapp-validation.xyz/security/check,malicious
http://amazon-refund.tk/update/account,malicious
http://amazon-secure-warning.biz/verify,malicious
http://netflix-signin.info/confirm,malicious
http://official-spotify.biz/signin.php,malicious
http://apple.login-verify.top/login?redirect=true,malicious
http://update-adobe.org/secure,malicious
http://instagram.login-verify.club/verify.php,malicious
http://bankofamer!ca.info/billing/update,malicious
http://ebay-care.info/secure/login,malicious
http://paypalonline.org/account/verify,malicious
http://secure-adobe.site/update/account,malicious
http://google-banking.online/security/check,malicious
http://mastercrd.club/verify,malicious
http://bankofamerica-refund.net/confirm,malicious
http://ma5tercard-login.tk/secure/login,malicious
http://signin-microsoft.info/account,malicious
http://mastercard-access.ml/verify?token=abc123,malicious
http://verify-dropbox.online/verify.php,malicious
http://wwhatsapp.xyz/verify,malicious
http://warning-chase.online/secure,malicious
http://bakofamerica.gq/login?redirect=true,malicious
http://refund-twitter.net/signin.php,malicious
http://ebay-notification.club/security/check,malicious
http://visa-refund.ga/verify.php,malicious
http://facebook-center.biz/payment/verify,malicious
http://warning-instagram.xyz/update/account,malicious
http://dropbox-unlock.xyz/secure,malicious
http://gooogle.biz/verify,malicious
http://loginvisa.ml/account/verify,malicious
http://paypal-support.org/confirm,malicious
http://wellsfargo-service.org/signin,malicious
http://instagramportal.biz/confirm/identity,malicious
http://ebay-reward.biz/signin.php,malicious
http://instagram-confirm.online/signin.php,malicious
http://viisa.org/confirm/identity,malicious
http://apple-secure.org/verify,malicious
http://bankofamerica.verify-now.ml/secure/login,malicious
http://microsoft-banking.club/verify,malicious
http://wellsfargo.security-check.club/account/suspended,malicious
http://instagram-secure-validation.tk/account/suspended,malicious
http://chase-recover.info/secure,malicious
http://whatsapp-reward.info/update/account,malicious
http://google-portal.site/confirm,malicious
http://droppbox.tk/auth,malicious
http://apple-secure-help.site/signin,malicious
http://instagram.top/auth,malicious
http://wellsfargoo.club/verify.php,malicious
http://service-apple.info/confirm,malicious
http://adobe-recover.tk/billing/update,malicious
http://verifylinkedin.online/secure,malicious
http://chase-secure-manage.info/update,malicious
http://neflix.club/verify,malicious
http://visa-validation.net/verify.php,malicious
http://mastercard.cf/payment/verify,malicious
http://ebay-unlock.ga/login?redirect=true,malicious
http://instagram-service.info/signin.php,malicious
http://inst4gram-login.biz/signin.php,malicious
http://app1e.top/verify,malicious
http://dropbox.id-verify.club/secure/login,malicious
http://visa-access.club/login.php,malicious
http://real-linkedin.top/signin,malicious
http://bankofam3rica.cf/signin,malicious
http://amazon-access.xyz/update/account,malicious
http://bankofamerica-secure-validation.cf/payment/verify,malicious
http://mirosoft.ga/billing/update,malicious
http://dr0pbox-login.club/login,malicious
http://twitter-secure-billing.cf/account/verify,malicious
http://mastercard-locked.online/account/suspended,malicious
http://wellsfargo-notification.xyz/payment/verify,malicious
http://paypal-validation.club/account/suspended,malicious
http://spotify-confirm.ml/update,malicious
http://linkedin-suspend.org/verify,malicious
http://twitterportal.net/signin,malicious
http://paypal-alert.biz/verify,malicious
http://instagram-warning.net/verify?token=abc123,malicious
http://paypal-reward.cf/update,malicious
http://twitter-service.tk/signin.php,malicious
http://well5fargo.top/login.php,malicious
http://linkedin-support.xyz/signin.php,malicious
http://ebay-refund.tk/account/verify,malicious
http://wellsfarg0-login.top/account,malicious
http://netf1ix-login.net/login?redirect=true,malicious
http://payment-visa.net/account/verify,malicious
http://instagram-payment.org/payment/verify,malicious
http://banking-ebay.org/verify,malicious
http://mastercard-payment.ga/secure,malicious
http://amazon-auth.top/login.php,malicious
http://microsoft-suspend.top/auth,malicious
http://masterrcard.org/secure/login,malicious
http://ebay-secure-manage.top/verify?token=abc123,malicious
http://twitter-suspend.info/verify.php,malicious
http://whatsapp-recover.xyz/account/verify,malicious
http://accessfacebook.ga/update/account,malicious
http://google-secure-suspend.net/account/verify,malicious
http://chase-support.online/confirm,malicious
http://p@ypal.info/secure,malicious
http://wellsfargo-secure.info/payment/verify,malicious
http://wellssfargo.ga/verify,malicious
http://spotify-secure-alert.biz/verify.php,malicious
http://bestgoogle.biz/update/account,malicious
http://visa-manage.tk/confirm,malicious
http://whatsapp-care.cf/confirm,malicious
http://mstercard.xyz/verify?token=abc123,malicious
http://instagram-verify.tk/billing/update,malicious
http://spotify-secure-center.online/verify.php,malicious
http://linkedin-notification.cf/login.php,malicious
http://bankofamerica.secure-login.ga/login?redirect=true,malicious
http://chase-help.net/login,malicious
http://instagram-locked.net/verify,malicious
http://googgle.info/update,malicious
http://facebook-manage.site/verify,malicious
http://google-center.ml/verify.php,malicious
http://wellsfargo-alert.biz/secure,malicious
http://paypal-portal.xyz/verify,malicious
http://whatapp.biz/verify?token=abc123,malicious
http://login-instagram.club/verify?token=abc123,malicious
http://manage-adobe.top/secure,malicious
http://droopbox.online/security/check,malicious
http://bankofamerica-unlock.tk/security/check,malicious
http://mastercard-access.xyz/confirm/identity,malicious
http://adobe-secure-suspend.site/signin,malicious
http://bankofamerica-manage.xyz/account/suspended,malicious
http://ma$tercard.info/signin.php,malicious
http://bankofamerica-service.tk/confirm,malicious
http://security-amazon.tk/confirm,malicious
http://netflix-help.club/secure/login,malicious
http://innstagram.tk/account/verify,malicious
http://ebay.suspended-account.tk/signin.php,malicious
http://realdropbox.ml/signin.php,malicious
http://paypall.club/confirm,malicious
http://ebay-safe.info/verify.php,malicious
http://spo7ify-login.info/confirm/identity,malicious
http://dropbox-banking.gq/payment/verify,malicious
http://instagramverify.tk/account,malicious
http://chase-billing.net/signin.php,malicious
http://google-care.tk/account,malicious
http://paypal-notification.info/login.php,malicious
http://vi5a-login.online/auth,malicious
http://apple-update.top/signin.php,malicious
http://micro5oft-login.biz/security/check,malicious
http://n3tflix-login.ml/account/suspended,malicious
http://chase-secure-billing.top/confirm/identity,malicious
http://dropbox-reward.tk/account/suspended,malicious
http://adobe-verify.online/secure/login,malicious
http://support-mastercard.cf/login.php,malicious
http://adobe-verify.cf/account,malicious
http://chase-secure-warning.ga/signin,malicious
http://wellsfarg0.site/payment/verify,malicious
http://spo7ify.org/confirm/identity,malicious
http://linkedin-center.ga/verify.php,malicious
http://mstercard.gq/update/account,malicious
http://linkedin-reward.info/confirm/identity,malicious
http://cha5e.online/account/suspended,malicious
http://dropbox.top/verify?token=abc123,malicious
http://netflix-reward.net/auth,malicious
http://visa.account-update.xyz/verify,malicious
http://liinkedin.top/auth,malicious
http://portal-wellsfargo.gq/secure,malicious
http://amazn.top/verify,malicious
http://paypaal.xyz/update,malicious
http://wellsfargo.ml/verify?token=abc123,malicious
http://papal.site/verify,malicious
http://mastercardd.info/login?redirect=true,malicious
http://bankofamer!ca-login.cf/signin,malicious
http://google-secure.ga/login?redirect=true,malicious
http://172.16.197.251/google/signin,malicious
http://paypal-billing.xyz/update/account,malicious
http://amazon-security.site/verify.php,malicious
http://get-ebay.gq/account/suspended,malicious
http://center-spotify.top/auth,malicious
http://n3tflix.ml/login.php,malicious
http://google-account.online/account,malicious
http://4dobe-login.club/secure/login,malicious
http://instagram-suspend.ga/signin.php,malicious
http://spotify-access.net/security/check,malicious
http://linkedin-service.online/confirm,malicious
http://whatsapp-suspend.cf/login?redirect=true,malicious
http://dropbox-secure-center.org/login,malicious
http://spot1fy.cf/confirm,malicious
http://login-paypal.gq/security/check,malicious
http://microsooft.cf/login?redirect=true,malicious
http://p4ypal-login.site/signin.php,malicious
http://mas7ercard.club/billing/update,malicious
http://safeamazon.online/secure/login,malicious
http://maastercard.xyz/signin,malicious
http://mastercard-suspend.ga/login,malicious
http://ebay-secure-validation.top/verify?token=abc123,malicious
http://wellsfargo-refund.biz/verify.php,malicious
http://twitter-center.net/update/account,malicious
http://ebay.ga/signin.php,malicious
http://instagraam.site/account/verify,malicious
http://spotify-help.info/billing/update,malicious
http://mastercard-confirm.club/secure,malicious
http://google-manage.ml/update/account,malicious
http://wh@tsapp-login.tk/security/check,malicious
http://microsoft-update.gq/verify,malicious
http://linkedinportal.xyz/account,malicious
http://portal-instagram.xyz/signin.php,malicious
http://spotify-secure.cf/login?redirect=true,malicious
http://visa-confirm.org/billing/update,malicious
http://matercard.tk/account/verify,malicious
http://wellsf4rgo.biz/auth,malicious
http://wellsfargo-locked.cf/signin,malicious
http://get-ebay.online/signin,malicious
http://91.239.89.254/facebook/login,malicious
http://loginchase.biz/login?redirect=true,malicious
http://account-linkedin.ml/signin.php,malicious
http://google-payment.site/update/account,malicious
http://get-chase.tk/account,malicious
http://signin-chase.ml/account/verify,malicious
http://twitter.login-verify.club/verify?token=abc123,malicious
http://paypa1-login.biz/security/check,malicious
http://wellsfargo-verify.online/confirm,malicious
http://dropbox-signin.net/update,malicious
http://online-visa.xyz/account,malicious
http://wellsfargo-update.xyz/update/account,malicious
http://f4cebook.gq/verify,malicious
http://microsoft-safe.gq/update/account,malicious
http://chase-manage.net/confirm/identity,malicious
http://netflix-security.xyz/login?redirect=true,malicious
http://my-twitter.xyz/confirm/identity,malicious
http://linkedin.phishing-site.ga/secure,malicious
http://amazon-help.cf/security/check,malicious
http://amazon-secure-suspend.online/auth,malicious
http://whatsapp.security-check.online/account,malicious
http://bankofamer!ca.tk/verify?token=abc123,malicious
http://facebook-reward.org/update,malicious
http://google-app.online/update/account,malicious
http://chase-locked.site/account/suspended,malicious
http://m!crosoft.net/secure/login,malicious
http://microsoft-center.xyz/secure,malicious
http://whattsapp.gq/update/account,malicious
http://the-wellsfargo.club/payment/verify,malicious
http://whatsappweb.online/security/check,malicious
http://paypal-access.gq/update/account,malicious
http://new-linkedin.biz/signin.php,malicious
http://dropbox-update.net/login,malicious
http://realamazon.club/login,malicious
http://vis4.site/signin,malicious
http://linkediin.info/login.php,malicious
http://visa-secure-manage.cf/login?redirect=true,malicious
http://bankofamerica-access.ml/signin.php,malicious
http://apple-secure-warning.xyz/payment/verify,malicious
http://get-spotify.ml/signin.php,malicious
http://adobe-banking.org/secure,malicious
http://adobe-payment.org/account/verify,malicious
http://whatsapp-secure-suspend.info/confirm/identity,malicious
http://netflx.ml/login?redirect=true,malicious
http://linkedin-login.ga/login,malicious
http://google.tk/login,malicious
http://cha$e.tk/account/verify,malicious
http://twitter-manage.org/update/account,malicious
http://amazon-secure-validation.top/update,malicious
http://chase-banking.online/update,malicious
http://instaram.biz/login,malicious
http://paypal-auth.xyz/verify?token=abc123,malicious
http://ggoogle.info/login?redirect=true,malicious
http://wellsfargo.cf/secure,malicious
http://spotifysecure.cf/secure,malicious
http://visaservice.top/payment/verify,malicious
http://adobe.tk/update/account,malicious
http://amazon-login.site/confirm,malicious
http://ins7agram.cf/secure,malicious
http://spotiify.xyz/update/account,malicious
http://spotify.gq/account/suspended,malicious
http://signin-bankofamerica.info/billing/update,malicious
http://netflix-help.cf/secure,malicious
http://fac3book-login.cf/account/suspended,malicious
http://dropboxaccount.ml/payment/verify,malicious
http://netflix-suspend.org/secure/login,malicious
http://chhase.info/signin,malicious
http://apple.xyz/signin.php,malicious
http://paypl.xyz/confirm,malicious
http://microsoft-secure.ga/account,malicious
http://get-google.xyz/confirm,malicious
http://security-visa.cf/account/suspended,malicious
http://secure-microsoft.tk/verify,malicious
http://twitter-secure-alert.ga/secure/login,malicious
http://alert-dropbox.biz/verify?token=abc123,malicious
http://microsoft-warning.info/account/verify,malicious
http://bankofamerica-warning.club/secure,malicious
http://safegoogle.info/update,malicious
http://wellsfargo-login.online/secure,malicious
http://istagram.info/update,malicious
http://getchase.tk/payment/verify,malicious
http://spotify-portal.site/confirm/identity,malicious
http://linkedin-care.tk/update,malicious
http://wellsfargo-security.online/verify?token=abc123,malicious
http://paypal-notification.org/account,malicious
http://wellsfargo.login-verify.club/secure/login,malicious
http://instagram-verify.biz/security/check,malicious
http://microsoft-support.tk/secure,malicious
http://insagram.org/secure/login,malicious
http://whatsapp-unlock.gq/account/suspended,malicious
http://officialspotify.biz/account/verify,malicious
http://in5tagram.org/confirm,malicious
http://facebook-billing.gq/update,malicious
http://microsoft-secure.ml/account,malicious
http://wellsfargo-support.club/secure,malicious
http://twiitter.site/account/verify,malicious
http://care-dropbox.club/verify,malicious
http://microsoft-security.ga/confirm/identity,malicious
http://instagram-portal.site/auth,malicious
http://bankofameriica.club/payment/verify,malicious
http://linkedin-confirm.ga/signin,malicious
http://recover-paypal.site/verify.php,malicious
http://real-spotify.xyz/verify,malicious
http://locked-wellsfargo.biz/security/check,malicious
http://whatsaapp.site/verify,malicious
http://google-unlock.ml/auth,malicious
http://visa-service.info/account,malicious
http://facebook-service.online/security/check,malicious
http://instagram-secure-help.net/confirm,malicious
http://faccebook.gq/payment/verify,malicious
http://visa-manage.net/signin.php,malicious
http://billing-apple.biz/account/verify,malicious
http://whatsapp-payment.xyz/account/suspended,malicious
http://realamazon.org/confirm,malicious
http://visa-secure.online/login,malicious
http://l1nkedin-login.info/confirm,malicious
http://microsoft-service.ml/account/suspended,malicious
http://amazon-update.net/secure,malicious
http://best-microsoft.gq/auth,malicious
http://signinwhatsapp.ml/confirm,malicious
http://amazon-confirm.cf/verify.php,malicious
http://well$fargo-login.online/account/suspended,malicious
http://chase-recover.org/billing/update,malicious
http://amazon-secure-help.cf/login.php,malicious
http://facebook.secure-login.ga/login.php,malicious
http://netflix-billing.ml/signin.php,malicious
http://5potify-login.ga/secure/login,malicious
http://amazon-service.online/login?redirect=true,malicious
http://whatsapp-center.gq/billing/update,malicious
http://adobe-login.top/signin.php,malicious
http://amazon-unlock.net/signin,malicious
http://locked-spotify.ga/billing/update,malicious
http://spotify-security.gq/account,malicious
http://paypa1.ml/security/check,malicious
http://inst4gram.ga/signin.php,malicious
http://netflix-billing.info/verify,malicious
http://reward-visa.ga/confirm,malicious
http://onlineinstagram.gq/update,malicious
http://googleverify.site/secure/login,malicious
http://micro5oft.info/confirm,malicious
http://bankofam3rica.xyz/secure/login,malicious
http://netflixhelp.info/security/check,malicious
http://mastercard-manage.ga/update,malicious
http://@mazon-login.top/confirm,malicious
http://spotify-center.ml/secure,malicious
http://confirm-twitter.site/account/verify,malicious
http://n3tflix-login.ga/login.php,malicious
http://linkedin.top/account,malicious
http://chase-auth.cf/secure/login,malicious
http://linkedin-secure-suspend.online/account,malicious
http://adobeverify.site/confirm,malicious
http://linkedin-login.info/verify?token=abc123,malicious
http://visa-login.info/verify,malicious
http://mirosoft.cf/confirm/identity,malicious
http://microsoft-login.club/billing/update,malicious
http://safe-paypal.info/update/account,malicious
http://instagram-suspend.org/login?redirect=true,malicious
http://whatsapp-secure-alert.xyz/billing/update,malicious
http://account-ebay.online/login.php,malicious
http://linkedinsupport.info/update/account,malicious
http://adobe-warning.net/update/account,malicious
http://realapple.tk/account/verify,malicious
http://spotify-secure-warning.biz/auth,malicious
http://my-bankofamerica.online/signin,malicious
http://facebook-security.site/confirm,malicious
http://help-dropbox.info/account/suspended,malicious
http://payment-netflix.biz/login,malicious
http://banking-chase.ga/secure,malicious
http://best-spotify.info/login?redirect=true,malicious
http://g0ogle-login.info/payment/verify,malicious
http://iinstagram.ga/verify?token=abc123,malicious
http://instagram.security-check.site/account/verify,malicious
http://chase-confirm.club/confirm/identity,malicious
http://ebay-secure-billing.gq/secure,malicious
http://likedin.site/account/suspended,malicious
http://visa.ga/account/verify,malicious
http://mastercard-locked.xyz/secure,malicious
http://access-instagram.net/billing/update,malicious
http://amazon-secure.info/confirm/identity,malicious
http://apple-secure-suspend.biz/signin.php,malicious
http://wellsfargo-secure-help.info/secure/login,malicious
http://facebook-unlock.info/payment/verify,malicious
http://newspotify.online/secure/login,malicious
http://dropbox-confirm.site/login.php,malicious
http://spotify-validation.online/account/suspended,malicious
http://dropbbox.biz/login,malicious
http://netflix.phishing-site.info/account,malicious
http://twitter-help.online/verify?token=abc123,malicious
http://ebay-care.biz/secure,malicious
http://amazon-secure-billing.xyz/billing/update,malicious
http://netflix-verify.org/verify?token=abc123,malicious
http://linkedin-security.net/billing/update,malicious
http://instagram.tk/secure,malicious
http://whatsapp-verify.xyz/security/check,malicious
http://the-amazon.ga/verify.php,malicious
http://7witter-login.gq/payment/verify,malicious
http://banking-facebook.site/billing/update,malicious
http://bankofamerica-secure-center.club/update,malicious
http://bestmastercard.online/account,malicious
http://wellsfargo.secure-login.gq/billing/update,malicious
http://whatsapp-reward.ml/login,malicious
http://ebay-banking.online/account/verify,malicious
http://mastercard-refund.online/verify.php,malicious
http://bankofamerica.cf/verify,malicious
http://twitter-auth.ml/verify.php,malicious
http://googl3.info/account/verify,malicious
http://mastercard-banking.ml/update,malicious
http://instagram-portal.ga/login.php,malicious
http://visa-banking.cf/billing/update,malicious
http://insttagram.gq/confirm/identity,malicious
http://onlinegoogle.ga/confirm,malicious
http://linkedin-help.club/signin.php,malicious
http://mastercard-login.info/secure,malicious
http://mastrcard.site/login?redirect=true,malicious
http://secure-paypal.net/confirm/identity,malicious
http://onlinevisa.xyz/signin,malicious
http://chase-security.info/update/account,malicious
http://amazon-confirm.net/login,malicious
http://mastercard-service.ga/update,malicious
http://sp0tify.tk/billing/update,malicious
http://bankofamer!ca-login.tk/signin.php,malicious
http://linkedin-unlock.online/update/account,malicious
http://netflix-notification.biz/signin,malicious
http://safeebay.online/update/account,malicious
http://auth-google.xyz/secure,malicious
http://warning-visa.top/payment/verify,malicious
http://mastercard.tk/payment/verify,malicious
http://netflix-suspend.site/confirm/identity,malicious
http://instagram-notification.club/auth,malicious
http://ebay-access.cf/verify,malicious
http://visa-confirm.ga/verify?token=abc123,malicious
http://instagam.org/verify,malicious
http://instagram-service.ga/login.php,malicious
http://bankofamerica-center.net/confirm/identity,malicious
http://bankofamerica-center.site/verify.php,malicious
http://paypal-center.org/payment/verify,malicious
http://twitter-secure-alert.net/login,malicious
http://auth-ebay.ga/secure/login,malicious
http://facebook.phishing-site.online/secure,malicious
http://twitter-access.xyz/update/account,malicious
http://wellsfargo-refund.gq/login,malicious
http://apple-account.net/auth,malicious
http://facebook-app.biz/verify?token=abc123,malicious
http://masteercard.site/update,malicious
http://bankofamerica-login.online/payment/verify,malicious
http://3bay.cf/auth,malicious
http://bankofameria.xyz/account/suspended,malicious
http://ch@se-login.ml/secure,malicious
http://paypal.xyz/account/suspended,malicious
http://ma5tercard.ga/login.php,malicious
http://@mazon.top/signin,malicious
http://bbankofamerica.net/account/verify,malicious
http://wellsfargo-confirm.info/billing/update,malicious
http://appple.info/confirm,malicious
http://amazon-locked.gq/verify,malicious
http://microsoft.secure-login.club/signin.php,malicious
http://adobe-secure-manage.org/account,malicious
http://spotfy.org/signin,malicious
http://facebook-login.org/secure,malicious
http://inst@gram.info/payment/verify,malicious
http://amazon-secure-billing.club/confirm/identity,malicious
http://well$fargo-login.xyz/confirm,malicious
http://mastercard.phishing-site.net/login,malicious
http://the-paypal.online/signin.php,malicious
http://bankofamericaa.online/billing/update,malicious
http://ebay-verify.club/signin,malicious
http://twitter-banking.tk/verify?token=abc123,malicious
http://aadobe.site/update/account,malicious
http://twitter-confirm.ml/login,malicious
http://wellsfargo-locked.org/update/account,malicious
http://m@stercard.online/auth,malicious
http://mastercard.id-verify.ml/verify?token=abc123,malicious
http://spotify.login-verify.site/account/suspended,malicious
http://apple-reward.online/verify,malicious
http://bankofamerica-unlock.org/confirm,malicious
http://microsoft-billing.top/login.php,malicious
http://well5fargo-login.info/security/check,malicious
http://paypal-locked.top/confirm,malicious
http://5potify-login.site/signin,malicious
http://instagram-recover.top/account/suspended,malicious
http://bankofamerica-banking.top/login?redirect=true,malicious
http://spotify-manage.club/account,malicious
http://mastercard-verify.tk/secure/login,malicious
http://tw1tter-login.top/payment/verify,malicious
http://amazon.verify-now.online/secure/login,malicious
http://twitter-secure-manage.online/update,malicious
http://amzon.net/verify.php,malicious
http://whatsapp-login.cf/login.php,malicious
http://linkedin-auth.cf/secure/login,malicious
http://validation-adobe.gq/verify,malicious
http://micosoft.top/secure,malicious
http://microsoft-refund.biz/account/verify,malicious
http://adobe-portal.cf/billing/update,malicious
http://adobe-secure.net/account,malicious
http://ttwitter.gq/update/account,malicious
http://apple.cf/login,malicious
http://in5tagram.cf/update,malicious
http://whatssapp.xyz/account,malicious
http://vvisa.site/update,malicious
http://adobe-unlock.top/update/account,malicious
http://googl3-login.info/signin.php,malicious
http://adobe-warning.club/verify,malicious
http://linkedin-signin.net/update,malicious
http://whatsapp-help.top/confirm,malicious
http://paypal-secure.cf/verify,malicious
http://adobe-secure-help.top/login?redirect=true,malicious
http://instaagram.site/security/check,malicious
http://googl3.net/verify?token=abc123,malicious
http://spotify-banking.online/secure/login,malicious
http://mastercard-notification.info/secure,malicious
http://google-validation.cf/payment/verify,malicious
http://mmastercard.top/login?redirect=true,malicious
http://bankofamerica.ml/security/check,malicious
http://bankofamerica-secure-manage.ml/login?redirect=true,malicious
http://chase-payment.tk/account,malicious
http://notification-bankofamerica.top/login?redirect=true,malicious
http://facebook.login-verify.club/secure,malicious
http://micr0soft-login.tk/confirm/identity,malicious
http://1inkedin.online/verify?token=abc123,malicious
http://dropbox-billing.org/login,malicious
http://google-recover.net/billing/update,malicious
http://help-spotify.biz/signin,malicious
http://mastercard-auth.ga/security/check,malicious
http://secure-wellsfargo.xyz/billing/update,malicious
http://securewellsfargo.xyz/security/check,malicious
http://visa-unlock.biz/secure,malicious
http://twitter-update.online/verify.php,malicious
http://mastercard-safe.club/billing/update,malicious
http://paypal-warning.top/account/suspended,malicious
http://twitter-validation.site/account/suspended,malicious
http://dropboox.info/verify,malicious
http://twwitter.gq/signin.php,malicious
http://dr0pbox.top/auth,malicious
http://adoobe.gq/signin,malicious
http://wellsfargo-alert.online/auth,malicious
http://b4nkofamerica.cf/verify.php,malicious
http://aamazon.biz/account/verify,malicious
http://bankofameerica.site/confirm/identity,malicious
http://ma5tercard-login.org/security/check,malicious
http://billing-paypal.info/secure,malicious
http://ebay-help.tk/account,malicious
http://netflix-warning.ga/login?redirect=true,malicious
http://netflix-signin.club/login.php,malicious
http://amazon-warning.top/auth,malicious
http://wh4tsapp-login.ml/security/check,malicious
http://ebayaccess.gq/signin,malicious
http://visa-login.net/signin,malicious
http://faceb0ok-login.biz/verify,malicious
http://we1lsfargo.net/secure,malicious
http://whatsapp.ga/secure,malicious
http://mastercard-notification.cf/login.php,malicious
http://linkedin-secure-alert.club/account,malicious
http://ins7agram-login.cf/payment/verify,malicious
http://adobe-web.cf/login.php,malicious
http://google-verify.club/update,malicious
http://chse.ga/verify?token=abc123,malicious
http://microsoft-secure-suspend.gq/confirm/identity,malicious
http://bankofamericaonline.biz/auth,malicious
http://best-apple.tk/secure,malicious
http://bankofamer1ca-login.info/signin,malicious
http://applee.ga/account/verify,malicious
http://freebankofamerica.tk/verify.php,malicious
http://service-ebay.biz/auth,malicious
http://locked-chase.ga/signin,malicious
http://linkedin-alert.info/login,malicious
http://signinpaypal.tk/confirm,malicious
http://chase-secure-validation.ml/security/check,malicious
http://apple-secure-validation.gq/payment/verify,malicious
http://microsoftservice.club/verify,malicious
http://apple-verify.org/security/check,malicious
http://netflix-payment.info/update,malicious
http://login-visa.ml/secure/login,malicious
http://we1lsfargo.top/update,malicious
http://locked-whatsapp.top/login?redirect=true,malicious
http://visa-secure-suspend.net/verify,malicious
http://adobe-help.top/payment/verify,malicious
http://google-secure-billing.info/secure,malicious
http://facebook-suspend.club/login?redirect=true,malicious
http://official-netflix.xyz/login?redirect=true,malicious
http://bestspotify.info/confirm/identity,malicious
http://whatsapp-account.gq/account/suspended,malicious
http://whatsapp-verify.cf/verify.php,malicious
http://visa-care.ml/verify?token=abc123,malicious
http://wellsfargo-warning.gq/billing/update,malicious
http://applesite.tk/security/check,malicious
http://googe.org/login.php,malicious
http://paypal-suspend.info/auth,malicious
http://visa-alert.xyz/signin,malicious
http://bankofamerica-manage.info/update,malicious
http://google.secure-login.ml/verify?token=abc123,malicious
http://ch@se-login.cf/login,malicious
http://netflix-secure-suspend.club/payment/verify,malicious
http://ebay-security.net/login.php,malicious
http://apple-confirm.info/verify.php,malicious
http://paypal-login.biz/auth,malicious
http://w3llsfargo-login.gq/account,malicious
http://chaseapp.top/verify,malicious
http://chase-care.info/signin.php,malicious
http://instagram.phishing-site.site/confirm,malicious
http://facebook-secure-manage.ml/account/verify,malicious
http://microsoft-security.gq/payment/verify,malicious
http://gooogle.online/confirm/identity,malicious
http://twitter-login.cf/confirm,malicious
http://spotify.ml/payment/verify,malicious
http://bankofamerica-support.net/billing/update,malicious
http://mastercard-secure-center.ga/signin.php,malicious
http://chase-support.biz/update,malicious
http://bank0famerica-login.site/update,malicious
http://instagram-reward.biz/confirm/identity,malicious
http://applelogin.tk/account/suspended,malicious
http://whatsapp-manage.top/confirm,malicious
http://twitter-help.site/confirm/identity,malicious
http://adobe-secure-manage.info/security/check,malicious
http://visaapp.net/signin,malicious
http://apple.gq/signin,malicious
http://bankofamerica-billing.cf/account/verify,malicious
http://facebook-alert.biz/security/check,malicious
http://miicrosoft.tk/update/account,malicious
http://whatsapp.tk/secure/login,malicious
http://llinkedin.cf/account/suspended,malicious
http://linkedin-banking.top/verify?token=abc123,malicious
http://amazon-refund.online/security/check,malicious
http://ttwitter.club/account/verify,malicious
http://ch4se-login.site/security/check,malicious
http://microsoft-alert.xyz/login,malicious
http://ma5tercard.tk/verify?token=abc123,malicious
http://wellsfar9o-login.xyz/signin.php,malicious
http://ebay-service.top/billing/update,malicious
http://ebay-signin.info/billing/update,malicious
http://twitter-verify.tk/secure/login,malicious
http://chae.info/signin.php,malicious
http://bankofamerica-verify.cf/secure/login,malicious
http://account-dropbox.site/billing/update,malicious
http://notification-paypal.gq/account,malicious
http://googlle.xyz/payment/verify,malicious
http://microsoft-recover.net/secure/login,malicious
http://bankofamericasignin.club/confirm/identity,malicious
http://ebbay.online/login.php,malicious
http://microsoft.ga/confirm,malicious
http://applesupport.info/secure/login,malicious
http://chaselogin.biz/security/check,malicious
http://gogle.ml/verify?token=abc123,malicious
http://officialfacebook.online/auth,malicious
http://newlinkedin.net/signin,malicious
http://twitterhelp.biz/signin,malicious
http://f4cebook.club/payment/verify,malicious
http://twitter-service.biz/confirm/identity,malicious
http://instagram-online.tk/billing/update,malicious
http://spotify-service.ml/verify.php,malicious
http://accessfacebook.org/login,malicious
http://faceb0ok-login.org/login,malicious
http://twitter-secure.gq/account/suspended,malicious
http://9oogle-login.org/account,malicious
http://dropbox-secure.ga/security/check,malicious
http://care-bankofamerica.ml/billing/update,malicious
http://facebook-security.biz/update,malicious
http://paypal-support.online/signin,malicious
http://mmicrosoft.net/secure,malicious
http://whatsapp-update.net/auth,malicious
http://dropbox.ga/secure/login,malicious
http://thepaypal.online/login,malicious
http://wellsfargo-portal.net/update/account,malicious
http://safemicrosoft.info/account,malicious
http://visa-confirm.site/update/account,malicious
